0.727873 0.0247185, 0.964746 0.578257, 0.578527 0.607683, 0.290295 0.149793, 0.073688 0.848383, 0.690578 0.94891, 0.908241 0.549605, 0.808522 0.229018, 0.727074 0.807946, 0.316436 0.674704, 0.226426 0.296528, 0.496066 0.368592, 0.702596 0.568044, 0.116865 0.192701, 0.779445 0.0997176, 0.417375 0.743882, 0.247952 0.0329554, 0.0462898 0.987213, 0.703301 0.172986, 0.107348 0.531258, 0.521836 0.242356, 0.578635 0.853105, 0.368769 0.0412416, 0.135696 0.387749, 0.540215 0.158761, 0.505891 0.564483, 0.0569893 0.67213, 0.584184 0.32545, 0.151589 0.954234, 0.317271 0.271564, 0.899012 0.607609, 0.453553 0.145629, 0.345615 0.45877, 0.503781 0.408689, 0.0959447 0.886746, 0.235596 0.356551, 0.566705 0.420406, 0.726558 0.853628, 0.905249 0.593523, 0.354663 0.925854, 0.0713286 0.0706202, 0.732375 0.665184, 0.938616 0.540451, 0.325415 0.120176, 0.679992 0.790693, 0.354744 0.564958, 0.916528 0.186926, 0.555501 0.527903, 0.560058 0.823105, 0.994312 0.327672, 0.305693 0.155497, 0.587719 0.280141, 0.260096 0.829077, 0.377721 0.161438, 0.720596 0.515391, 0.176707 0.753264, 0.709873 0.913808, 0.117113 0.00827896, 0.414436 0.552136, 0.982914 0.084917, 0.406827 0.315814, 0.653083 0.000894337, 0.891068 0.763716, 0.194846 0.2458, 
0.51477 0.478635, 0.45692 0.184243, 0.407636 0.838597, 0.0762587 0.746954, 0.433305 0.353683, 0.728294 0.112299, 0.146565 0.669302, 0.221816 0.348274, 0.437875 0.818725, 0.217485 0.0402512, 0.806884 0.296821, 0.915145 0.634194, 0.646405 0.0550192, 0.423988 0.704398, 0.00235126 0.0657989, 0.879578 0.530581, 0.465022 0.681612, 0.122341 0.253417, 0.606507 0.380172, 0.95486 0.63908, 0.152287 0.752894, 0.82399 0.677629, 0.848948 0.923752, 0.4613 0.834329, 0.99919 0.160191, 0.0685684 0.105095, 0.965974 0.898155, 0.249846 0.419258, 0.112581 0.178711, 0.188909 0.656689, 0.341266 0.986593, 0.883726 0.207521, 0.311039 0.177275, 0.564601 0.58205, 0.879042 0.481258, 0.0391882 0.162775, 0.409468 0.663525, 0.318336 0.828519, 0.736107 0.257425, 0.225957 0.496996, 0.544815 0.993102, 0.667017 0.304357, 0.391315 0.0964065, 0.893391 0.28911, 0.0820175 0.929527, 0.335785 0.185926, 0.747234 0.134902, 0.330902 0.489058, 0.875372 0.783867, 0.567612 0.684396, 0.153742 0.495927, 0.874033 0.958554, 0.973875 0.167837, 0.641598 0.607809, 0.424503 0.687394, 0.296833 0.155968, 0.119033 0.51081, 0.720311 0.311273, 0.800524 0.748384, 0.426277 0.7481, 0.0449989 0.650241, 0.00815141 0.193857, 0.875794 0.285359, 0.00380823 0.924196, 
0.803501 0.888758, 0.232513 0.364663, 0.982359 0.424406, 0.943463 0.999305, 0.140394 0.553887, 0.786548 0.715886, 0.2145 0.0793021, 0.585343 0.407964, 0.599164 0.664172, 0.417305 0.363727, 0.443012 0.986385, 0.0285599 0.547848, 0.856397 0.950566, 0.524265 0.51401, 0.230531 0.787172, 0.629293 0.953797, 0.673741 0.049296, 0.191163 0.742429, 0.77236 0.208736, 0.323121 0.403025, 0.386117 0.565743, 0.350705 0.05657, 0.513887 0.647084, 0.38973 0.308463, 0.69151 0.610758, 0.567719 0.444505, 0.152727 0.714609, 0.901671 0.534089, 0.565494 0.392586, 0.786346 0.398148, 0.465297 0.376038, 0.140403 0.668128, 0.854991 0.770913, 0.765699 0.184797, 0.752179 0.673499, 0.164529 0.769619, 0.694333 0.0370045, 0.94652 0.348327, 0.237625 0.141737, 0.384978 0.109411, 0.90747 0.703146, 0.433563 0.550909, 0.403336 0.92341, 0.16739 0.459461, 0.464957 0.730652, 0.845415 0.652785, 0.596292 0.548229, 0.246484 0.163688, 0.661991 0.321263, 0.298125 0.153875, 0.397814 0.703731, 0.589498 0.303721, 0.225687 0.330567, 0.923642 0.849173, 0.867989 0.0701114, 0.509798 0.876725, 0.423573 0.25837, 0.91237 0.0356773, 0.729613 0.476969, 0.179327 0.563888, 0.407426 0.0358688, 0.657507 0.653716, 0.357763 0.202627, 0.447987 0.552458, 
0.0658903 0.762134, 0.626847 0.256013, 0.704307 0.335307, 0.641247 0.564659, 0.0242727 0.0758916, 0.554407 0.289012, 0.366132 0.991954, 0.921126 0.489064, 0.739461 0.765374, 0.819243 0.0153859, 0.493298 0.83999, 0.233415 0.0895796, 0.743685 0.417075, 0.332515 0.254577, 0.201689 0.100869, 0.798039 0.181864, 0.0991833 0.416532, 0.778357 0.648402, 0.359274 0.0222834, 0.574197 0.970638, 0.919691 0.0350391, 0.211328 0.956981, 0.157057 0.0704803, 0.729624 0.0518552, 0.211691 0.0297658, 0.213248 0.596044, 0.311509 0.281969, 0.508192 0.700252, 0.693297 0.0914574, 0.870214 0.93009, 0.367094 0.77517, 0.0655012 0.0429443, 0.638307 0.856775, 0.18809 0.365555, 0.133461 0.951654, 0.558528 0.54282, 0.54635 0.324211, 0.262215 0.392101, 0.702275 0.884492, 0.611372 0.553962, 0.0733473 0.175667, 0.464401 0.211037, 0.926738 0.827117, 0.198557 0.247353, 0.628157 0.164579, 0.104645 0.119611, 0.500848 0.894007, 0.000774173 0.5195, 0.192203 0.778358, 0.668234 0.643398, 0.207182 0.156693, 0.316975 0.853379, 0.76509 0.711403, 0.0881444 0.736753, 0.362406 0.306467, 0.939417 0.680859, 0.0595862 0.857785, 0.619011 0.614691, 0.0119728 0.118353, 0.527248 0.121752, 0.507559 0.876179, 0.975989 0.859983, 0.288898 0.76257, 0.78097 0.381841, 
0.624622 0.925797, 0.0679879 0.337554, 0.366693 0.934788, 0.900641 0.081875, 0.176767 0.597234, 0.6584 0.661219, 0.321405 0.438158, 0.436128 0.202102, 0.105857 0.999441, 0.089438 0.409399, 0.290381 0.49608, 0.959641 0.171086, 0.465253 0.495846, 0.732139 0.980084, 0.0994836 0.801795, 0.794179 0.571356, 0.948729 0.973302, 0.0556228 0.609302, 0.880278 0.358315, 0.488983 0.766028, 0.0684362 0.584208, 0.909865 0.534747, 0.492124 0.636518, 0.545662 0.428011, 0.81417 0.68151, 0.912003 0.300791, 0.66085 0.92997, 0.0781591 0.928926, 0.966281 0.147879, 0.165308 0.385771, 0.837819 0.679577, 0.452031 0.171451, 0.0783854 0.499724, 0.988328 0.619204, 0.558376 0.132962, 0.550366 0.821427, 0.182549 0.057886, 0.880689 0.931551, 0.42194 0.697519, 0.189351 0.741616, 0.154629 0.606712, 0.933343 0.0724688, 0.253203 0.885481, 0.0788502 0.844697, 0.811227 0.474386, 0.900634 0.884302, 0.150326 0.539008, 0.866273 0.11094, 0.883994 0.8989, 0.796189 0.392961, 0.790049 0.0626771, 0.400305 0.0888457, 0.824924 0.986655, 0.035413 0.336433, 0.774283 0.309131, 0.646287 0.676687, 0.639689 0.111476, 0.387497 0.970783, 0.380336 0.613578, 0.491686 0.89022, 0.612438 0.382636, 0.485898 0.70112, 0.91656 0.332869, 0.306151 0.347901, 
0.00295312 0.527508, 0.899185 0.126968, 0.742264 0.915189, 0.0914228 0.87954, 0.304413 0.31623, 0.647899 0.170556, 0.335882 0.83425, 0.0996059 0.11793, 0.95658 0.608583, 0.5352 0.0130798, 0.344629 0.456666, 0.961388 0.997159, 0.0611346 0.58804, 0.688052 0.354096, 0.397081 0.862495, 0.427973 0.122764, 0.165968 0.726335, 0.578303 0.374819, 0.364704 0.498897, 0.735769 0.292911, 0.84396 0.815196, 0.387383 0.209864, 0.270435 0.755821, 0.183768 0.842031, 0.00413996 0.311591, 0.736927 0.242886, 0.789326 0.9289, 0.191143 0.342292, 0.685074 0.506711, 0.384319 0.0863008, 0.88103 0.170485, 0.150244 0.972899, 0.627565 0.285954, 0.679401 0.358523, 0.20753 0.0345325, 0.177985 0.646702, 0.575575 0.310596, 0.380895 0.423895, 0.813801 0.0322928, 0.588543 0.647527, 0.781269 0.56047, 0.645264 0.20364, 0.747223 0.866274, 0.345396 0.649988, 0.986483 0.0132948, 0.389109 0.669085, 0.65244 0.814485, 0.825201 0.362928, 0.0659611 0.170722, 0.496509 0.808806, 0.0679501 0.64482, 0.264426 0.629864, 0.564757 0.361495, 0.541308 0.619971, 0.0995016 0.0787667, 0.358235 0.690472, 0.318988 0.431493, 0.572446 0.431535, 0.950448 0.0886283, 0.162005 0.0528185, 0.147504 0.379588, 0.745422 0.0106295, 0.368996 0.0952065, 0.852175 0.65769, 
0.171272 0.357921, 0.700123 0.570336, 0.557742 0.0975248, 0.396399 0.203778, 0.488824 0.738519, 0.900935 0.772458, 0.836043 0.301453, 0.29655 0.689887, 0.497945 0.432436, 0.827869 0.51817, 0.181238 0.831923, 0.696377 0.41503, 0.180425 0.0826016, 0.479069 0.0870919, 0.981025 0.418211, 0.570672 0.868811, 0.564403 0.571807, 0.904796 0.108895, 0.462827 0.186249, 0.43096 0.812418, 0.140906 0.233637, 0.705705 0.0945545, 0.869605 0.570432, 0.468628 0.385888, 0.00388887 0.745548, 0.377514 0.0695392, 0.468898 0.873536, 0.805719 0.40473, 0.44107 0.717676, 0.18313 0.550603, 0.215616 0.854811, 0.751585 0.652598, 0.277706 0.288037, 0.395765 0.594835, 0.812568 0.908372, 0.949177 0.625862, 0.04563 0.801734, 0.483556 0.870627, 0.924613 0.523576, 0.636187 0.298255, 0.256443 0.43614, 0.143684 0.594902, 0.080081 0.0580546, 0.62672 0.590087, 0.86072 0.414028, 0.219072 0.16217, 0.633261 0.420861, 0.411749 0.138847, 0.175009 0.818422, 0.713093 0.714976, 0.310856 0.363803, 0.922047 0.451942, 0.311432 0.983039, 0.996985 0.519338, 0.255203 0.364416, 0.0199856 0.888205, 0.839995 0.846787, 0.518145 0.266397, 0.0791898 0.990713, 0.869045 0.398159, 0.656702 0.905846, 0.206804 0.656047, 0.494315 0.561768, 0.527614 0.228467, 
0.513001 0.998964, 0.144964 0.751274, 0.439542 0.569103, 0.981884 0.906622, 0.0317681 0.457077, 0.994611 0.142801, 0.246637 0.121071, 0.173295 0.32427, 0.667481 0.88365, 0.60898 0.209761, 0.4493 0.656848, 0.0751942 0.229631, 0.871518 0.875119, 0.0782993 0.756864, 0.851995 0.334037, 0.375739 0.464296, 0.158137 0.132728, 0.235133 0.411602, 0.825765 0.732125, 0.0669249 0.72298, 0.146422 0.965059, 0.675294 0.571106, 0.573079 0.928159, 0.223971 0.0152654, 0.727156 0.858745, 0.793855 0.281352, 0.168524 0.592857, 0.696449 0.221525, 0.873598 0.856959, 0.0683971 0.178487, 0.584141 0.0419666, 0.797601 0.894438, 0.371225 0.733031, 0.410128 0.0488264, 0.530029 0.929782, 0.673898 0.166843, 0.10933 0.151027, 0.845752 0.182902, 0.197121 0.223004, 0.0875267 0.981498, 0.937525 0.959221, 0.525657 0.0930584, 0.33427 0.369209, 0.615815 0.966389, 0.185435 0.242207, 0.157571 0.954026, 0.238342 0.58475, 0.198372 0.420371, 0.590571 0.00260545, 0.538712 0.551773, 0.477459 0.0888182, 0.188548 0.784216, 0.27749 0.150273, 0.527013 0.71416, 0.606398 0.282638, 0.956338 0.0471869, 0.392446 0.0617677, 0.39127 0.555063, 0.952021 0.502263, 0.0633578 0.339399, 0.7912 0.950595, 0.167512 0.859865, 0.829854 0.157809, 0.153507 0.930544, 
0.554479 0.145256, 0.908695 0.393325, 0.971346 0.485013, 0.524507 0.86935, 0.162234 0.345421, 0.723095 0.70791, 0.816484 0.425527, 0.334765 0.993311, 0.476448 0.0999599, 0.934249 0.785938, 0.0462695 0.975892, 0.637704 0.0120049, 0.0233184 0.163656, 0.613894 0.486102, 0.251599 0.581739, 0.0195307 0.34154, 0.319909 0.79343, 0.689735 0.681487, 0.877794 0.778796, 0.543041 0.0133963, 0.823617 0.68868, 0.303908 0.580763, 0.351293 0.347227, 0.851932 0.322005, 0.153124 0.813183, 0.765948 0.557291, 0.389227 0.458469, 0.353694 0.00480728, 0.379612 0.266262, 0.298493 0.564326, 0.638892 0.334865, 0.95771 0.222513, 0.510193 0.532097, 0.858144 0.509795, 0.0452261 0.865481, 0.346792 0.367937, 0.986319 0.332423, 0.380037 0.980218, 0.51457 0.739878, 0.0914341 0.412276, 0.507707 0.391988, 0.381449 0.88896, 0.729049 0.316869, 0.00487264 0.951534, 0.491863 0.39236, 0.705693 0.837642, 0.901638 0.69094, 0.682325 0.232959, 0.395721 0.933078, 0.845342 0.0639461, 0.782689 0.962155, 0.0894052 0.298418, 0.877268 0.942562, 0.910229 0.0219637, 0.989419 0.690936, 0.43223 0.608759, 0.231705 0.786415, 0.192881 0.357051, 0.68298 0.745935, 0.563434 0.409901, 0.794334 0.226358, 0.072479 0.0904051, 0.910789 0.501823, 0.538141 0.601586, 
0.0498298 0.369188, 0.0340554 0.79488, 0.110467 0.190867, 0.837843 0.167504, 0.414277 0.179754, 0.394637 0.894112, 0.411999 0.534676, 0.0694946 0.828788, 0.928172 0.150772, 0.0844401 0.485025, 0.691108 0.712435, 0.55767 0.364502, 0.634522 0.799011, 0.286616 0.926868, 0.506787 0.229384, 0.922744 0.0678685, 0.723971 0.545959, 0.511864 0.370169, 0.203093 0.300135, 0.397713 0.590057, 0.712686 0.147007, 0.00942793 0.365822, 0.529674 0.238702, 0.67853 0.801191, 0.51746 0.682467, 0.213585 0.111846, 0.326236 0.804654, 0.620516 0.833748, 0.928526 0.468391, 0.629829 0.940474, 0.684239 0.729403, 0.133335 0.372171, 0.179277 0.173195, 0.341721 0.422991, 0.10864 0.733435, 0.672156 0.493247, 0.293935 0.283376, 0.662442 0.0811833, 0.866915 0.452068, 0.915362 0.925249, 0.867505 0.104254, 0.118491 0.53195, 0.883215 0.962092, 0.752139 0.0773254, 0.170382 0.579591, 0.637891 0.10055, 0.510031 0.487527, 0.593325 0.864202, 0.00235436 0.562782, 0.986912 0.361408, 0.412884 0.634348, 0.52986 0.338091, 0.716279 0.400233, 0.333219 0.71785, 0.302998 0.329511, 0.0726648 0.154257, 0.514518 0.918532, 0.854511 0.169672, 0.0546271 0.484722, 0.211969 0.720203, 0.488991 0.14143, 0.48016 0.0404811, 0.741152 0.865578, 0.487874 0.388379, 
0.574262 0.389434, 0.496069 0.0287321, 0.134029 0.599785, 0.454774 0.736334, 0.0887879 0.48933, 0.914104 0.505713, 0.168302 0.582652, 0.960872 0.68051, 0.721547 0.317293, 0.436906 0.918895, 0.204201 0.269352, 0.827591 0.273118, 0.919947 0.778906, 0.223234 0.293234, 0.295489 0.529226, 0.565208 0.642075, 0.941512 0.874204, 0.254721 0.13078, 0.920185 0.137302, 0.28624 0.841838, 0.196168 0.020285, 0.400004 0.782316, 0.914407 0.825457, 0.075505 0.145319, 0.660442 0.10819, 0.789998 0.139816, 0.931243 0.589366, 0.0747747 0.338004, 0.20171 0.850836, 0.337134 0.0352574, 0.852434 0.149997, 0.00396302 0.83551, 0.819062 0.911936, 0.947136 0.186256, 0.157692 0.220206, 0.646002 0.664322, 0.295055 0.703803, 0.297705 0.266737, 0.223052 0.665419, 0.0589379 0.168232, 0.555954 0.597609, 0.0752842 0.899959, 0.887776 0.439973, 0.440028 0.803574, 0.77061 0.629819, 0.446321 0.751288, 0.00866667 0.208227, 0.294282 0.405128, 0.992378 0.841888, 0.201034 0.459656, 0.0627766 0.880149, 0.452283 0.847463, 0.0227023 0.297232, 0.665802 0.901325, 0.736491 0.537964, 0.40532 0.0744424, 0.735893 0.610404, 0.834331 0.108682, 0.92095 0.962529, 0.526796 0.788646, 0.961755 0.731276, 0.305434 0.605812, 0.0379233 0.359518, 0.846951 0.700481, 
0.468979 0.666588, 0.768648 0.422089, 0.760073 0.891971, 0.960457 0.674662, 0.518656 0.376969, 0.776467 0.249742, 0.318122 0.736034, 0.328489 0.320764, 0.347586 0.046176, 0.424085 0.69251, 0.156365 0.657105, 0.70112 0.487711, 0.269342 0.0459576, 0.00582803 0.887598, 0.851182 0.394925, 0.0436761 0.0770462, 0.240446 0.718552, 0.656397 0.937999, 0.83063 0.764312, 0.514265 0.924629, 0.669638 0.333916, 0.980392 0.421309, 0.414987 0.388149, 0.075459 0.951834, 0.619972 0.922293, 0.167158 0.128092, 0.309959 0.549195, 0.845208 0.715058, 0.120391 0.693425, 0.211627 0.202942, 0.436452 0.632249, 0.520015 0.730257, 0.32034 0.224475, 0.875603 0.445134, 0.335603 0.929431, 0.908007 0.865343, 0.570589 0.313578, 0.559896 0.849772, 0.917049 0.581016, 0.673927 0.177269, 0.396482 0.958845, 0.646927 0.576396, 0.328987 0.339597, 0.416494 0.174429, 0.821602 0.172773, 0.194646 0.265894, 0.695372 0.272305, 0.15005 0.750235, 0.390548 0.22239, 0.514674 0.0500889, 0.878225 0.448131, 0.664507 0.203938, 0.987212 0.88537, 0.900788 0.0814182, 0.0612243 0.72952, 0.461122 0.453533, 0.00254962 0.844184, 0.0404905 0.0693359, 0.926023 0.418615, 0.416722 0.327047, 0.536063 0.593794, 0.160703 0.380696, 0.165763 0.84499, 0.113202 0.376525, 
0.244171 0.642843, 0.853671 0.77595, 0.0914682 0.831596, 0.442965 0.0161342, 0.81775 0.530585, 0.171487 0.274729, 0.395395 0.0913049, 0.812374 0.702272, 0.599046 0.193647, 0.17443 0.963681, 0.539902 0.166562, 0.493 0.711438, 0.970208 0.552166, 0.295472 0.750423, 0.453861 0.931288, 0.6123 0.272985, 0.285693 0.378738, 0.790616 0.0838156, 0.252881 0.0484908, 0.103912 0.682979, 0.228992 0.751904, 0.125181 0.331709, 0.322268 0.648408, 0.678986 0.342562, 0.769836 0.437398, 0.281982 0.525705, 0.121477 0.0905372, 0.823439 0.139137, 0.439648 0.376252, 0.676628 0.702964, 0.809577 0.328635, 0.950419 0.88059, 0.623935 0.450154, 0.582498 0.000354645, 0.080808 0.702278, 0.314418 0.422658, 0.164426 0.37113, 0.474618 0.0269674, 0.0153325 0.817164, 0.888594 0.748227, 0.348976 0.07213, 0.702333 0.0499391, 0.156548 0.162527, 0.490316 0.635142, 0.0419899 0.8972, 0.145622 0.140774, 0.848909 0.4016, 0.483635 0.722369, 0.749214 0.652744, 0.279528 0.110038, 0.501586 0.802595, 0.142704 0.404506, 0.560454 0.49216, 0.271261 0.742245, 0.8696 0.320626, 0.556189 0.977313, 0.489038 0.57003, 0.452459 0.204536, 0.369451 0.904967, 0.260254 0.116998, 0.265102 0.710964, 0.873058 0.450953, 0.663306 0.850183, 0.935489 0.120042, 
0.365764 0.0110487, 0.317984 0.267578, 0.663639 0.264467, 0.510219 0.492455, 0.272784 0.666195, 0.496747 0.965621, 0.0556078 0.620522, 0.485459 0.656941, 0.55592 0.518759, 0.224792 0.122081, 0.183033 0.504289, 0.871444 0.901584, 0.0576775 0.571154, 0.597265 0.325377, 0.67714 0.571084, 0.603853 0.0683051, 0.432317 0.77799, 0.921191 0.475821, 0.397887 0.614929, 0.884736 0.372094, 0.442728 0.283481, 0.774475 0.933327, 0.197453 0.416648, 0.409775 0.224886, 0.855986 0.881663, 0.193224 0.790019, 0.626463 0.783303, 0.570179 0.218658, 0.352927 0.982773, 0.790964 0.310373, 0.183941 0.457357, 0.351648 0.81912, 0.160723 0.275232, 0.764869 0.824492, 0.48951 0.649701, 0.993412 0.699982, 0.661602 0.204464, 0.919681 0.813416, 0.597399 0.445907, 0.205572 0.416924, 0.858247 0.340322, 0.0932869 0.577927, 0.715362 0.38647, 0.883231 0.847224, 0.805183 0.0166595, 0.63066 0.664737, 0.16759 0.821794, 0.555056 0.234084, 0.900134 0.94432, 0.813229 0.148087, 0.142006 0.750897, 0.585771 0.797163, 0.675018 0.0813393, 0.30243 0.407386, 0.324034 0.0470612, 0.83068 0.847681, 0.825911 0.13035, 0.0644438 0.424801, 0.961176 0.801293, 0.878731 0.527006, 0.809651 0.065735, 0.277809 0.299503, 0.938894 0.739662, 0.572347 0.279874, 
0.0844639 0.56744, 0.128996 0.945544, 0.711766 0.785916, 0.186314 0.364156, 0.84513 0.348565, 0.187433 0.915855, 0.752308 0.0534173, 0.6506 0.78828, 0.971709 0.296998, 0.430594 0.974535, 0.647976 0.0738613, 0.512673 0.757336, 0.385547 0.354624, 0.404113 0.00266207, 0.665277 0.977906, 0.292197 0.507185, 0.941206 0.884288, 0.0305169 0.290983, 0.650834 0.470821, 0.637313 0.716222, 0.533709 0.0676659, 0.874783 0.167406, 0.394484 0.866197, 0.987859 0.278575, 0.0713118 0.200656, 0.632236 0.52511, 0.716037 0.317174, 0.207282 0.624494, 0.308882 0.229888, 0.977006 0.573556, 0.315135 0.651185, 0.520054 0.114818, 0.976924 0.171771, 0.00618854 0.858199, 0.0512132 0.0813539, 0.302646 0.0831135, 0.150042 0.597979, 0.785551 0.0578597, 0.467579 0.700787, 0.584919 0.765729, 0.153141 0.11906, 0.55996 0.844043, 0.0925249 0.847444, 0.355429 0.0460868, 0.287876 0.464002, 0.578268 0.906483, 0.17951 0.317877, 0.992642 0.429941, 0.00538347 0.0843664, 0.0516022 0.53298, 0.494338 0.281291, 0.988693 0.794492, 0.511803 0.08888, 0.152003 0.845215, 0.450989 0.760668, 0.760652 0.577869, 0.943749 0.392489, 0.101242 0.269359, 0.539328 0.687294, 0.632483 0.640977, 0.0424535 0.698813, 0.554265 0.427285, 0.472847 0.86376, 0.329854 0.78283, 
0.802342 0.170765, 0.697768 0.49607, 0.99588 0.179526, 0.101749 0.00520531, 0.70615 0.899571, 0.924559 0.497193, 0.186059 0.230794, 0.240446 0.432138, 0.0853412 0.146019, 0.63432 0.37322, 0.929332 0.624472, 0.0434156 0.907022, 0.727925 0.620138, 0.187841 0.197197, 0.978266 0.150638, 0.0510491 0.643757, 0.840107 0.224093, 0.0771632 0.725853, 0.28415 0.416497, 0.672912 0.728721, 0.238057 0.0417038, 0.376412 0.693412, 0.877815 0.761846, 0.722302 0.0371465, 0.381961 0.638371, 0.196583 0.350232, 0.790861 0.145504, 0.692312 0.759833, 0.0656781 0.75935, 0.659688 0.329353, 0.377327 0.311455, 0.627072 0.619213, 0.870954 0.968323, 0.885399 0.200339, 0.498852 0.485298, 0.836448 0.855201, 0.588096 0.695927, 0.320212 0.598444, 0.00249149 0.31791, 0.0901855 0.92062, 0.743822 0.452258, 0.743063 0.899238, 0.904908 0.194647, 0.00606339 0.64433, 0.646296 0.533487, 0.930173 0.577881, 0.140437 0.412544, 0.565709 0.224544, 0.430134 0.472934, 0.421139 0.849407, 0.40805 0.699444, 0.838609 0.695449, 0.132197 0.510824, 0.455249 0.476627, 0.546785 0.362023, 0.175676 0.660385, 0.0458975 0.643368, 0.761724 0.181739, 0.378248 0.142013, 0.239988 0.592606, 0.0201495 0.00858686, 0.886072 0.266584, 0.197777 0.208166, 0.690508 0.886712, 
0.268838 0.286123, 0.418125 0.0602095, 0.893318 0.979861, 0.192574 0.720028, 0.480569 0.660094, 0.745696 0.323067, 0.203295 0.728639, 0.994809 0.793332, 0.304576 0.523183, 0.384293 0.986155, 0.435495 0.215363, 0.145599 0.409096, 0.851083 0.982085, 0.642719 0.689587, 0.370508 0.627798, 0.391692 0.143439, 0.260944 0.841753, 0.294756 0.153485, 0.593651 0.253192, 0.198924 0.829953, 0.948035 0.991524, 0.201898 0.372261, 0.356992 0.841881, 0.230532 0.245562, 0.116449 0.76723, 0.908282 0.670524, 0.641005 0.947051, 0.0640709 0.284896, 0.457199 0.253626, 0.985596 0.122283, 0.831688 0.64055, 0.0639684 0.619086, 0.251026 0.0808878, 0.727992 0.640316, 0.444713 0.181368, 0.112632 0.887134, 0.627818 0.43077, 0.770037 0.415706, 0.725087 0.291881, 0.390764 0.0152896, 0.639237 0.738895, 0.575468 0.556779, 0.620874 0.236516, 0.198636 0.173579, 0.0231609 0.439134, 0.630271 0.569317, 0.324123 0.113423, 0.548048 0.909724, 0.823247 0.615704, 0.696267 0.296301, 0.987923 0.437936, 0.0903116 0.143791, 0.801618 0.857544, 0.904728 0.0607366, 0.596359 0.900785, 0.16076 0.509555, 0.797878 0.55473, 0.335659 0.225144, 0.624515 0.368139, 0.0493764 0.987002, 0.663419 0.486704, 0.821332 0.995191, 0.527831 0.267937, 0.480692 0.547958, 
0.212499 0.619455, 0.82744 0.806614, 0.512657 0.799263, 0.371449 0.365571, 0.596144 0.0872545, 0.0026787 0.580158, 0.818527 0.143002, 0.551655 0.550614, 0.87311 0.0405961, 0.624164 0.873964, 0.746004 0.0539735, 0.803321 0.380739, 0.214748 0.634039, 0.800154 0.484788, 0.158542 0.0815674, 0.886451 0.406606, 0.860468 0.790306, 0.611268 0.817855, 0.961164 0.687665, 0.384974 0.283542, 0.702418 0.485938, 0.470117 0.0100529, 0.647183 0.28937, 0.737908 0.793585, 0.846402 0.143534, 0.581783 0.450957, 0.469064 0.715356, 0.846029 0.45039, 0.378727 0.730875, 0.597529 0.853274, 0.841112 0.124932, 0.355345 0.514125, 0.589041 0.323253, 0.0134177 0.210835, 0.470513 0.782731, 0.155707 0.429217, 0.750763 0.0101581, 0.224627 0.160957, 0.968201 0.900455, 0.202066 0.779048, 0.274358 0.27935, 0.00495345 0.501818, 0.873943 0.502717, 0.872458 0.418128, 0.439658 0.985234, 0.560385 0.117618, 0.990351 0.29025, 0.0628981 0.535813, 0.105385 0.961435, 0.901129 0.127543, 0.215925 0.797646, 0.722787 0.41892, 0.260859 0.861308, 0.844197 0.230137, 0.828341 0.797071, 0.311291 0.0119669, 0.607588 0.887742, 0.202358 0.838111, 0.79632 0.693258, 0.474917 0.830319, 0.354389 0.409628, 0.125893 0.816125, 0.302787 0.559493, 0.940715 0.68736, 
0.048954 0.190784, 0.0891487 0.812922, 0.436059 0.593708, 0.848778 0.469698, 0.57328 0.97393, 0.18328 0.378556, 0.765085 0.84575, 0.315426 0.369659, 0.798924 0.54125, 0.950517 0.266425, 0.178113 0.362666, 0.406325 0.445846, 0.289505 0.0622676, 0.50999 0.953323, 0.5195 0.570263, 0.0254504 0.630527, 0.531863 0.406888, 0.0837852 0.968107, 0.930659 0.25355, 0.454887 0.527808, 0.109335 0.460172, 0.912724 0.61506, 0.278474 0.670647, 0.088071 0.565655, 0.348063 0.366393, 0.0949952 0.106619, 0.581208 0.234723, 0.729933 0.051125, 0.218733 0.312011, 0.279037 0.79007, 0.0228896 0.258792, 0.604244 0.83704, 0.0677422 0.890507, 0.570651 0.648193, 0.755844 0.959818, 0.462006 0.36252, 0.655422 0.52465, 0.630046 0.883342, 0.273333 0.434362, 0.887671 0.452271, 0.906153 0.702421, 0.614469 0.0100642, 0.497717 0.893118, 0.729831 0.716787, 0.0917047 0.177043, 0.887022 0.848835, 0.472347 0.287725, 0.317986 0.510627, 0.538786 0.597779, 0.823037 0.707145, 0.402184 0.11284, 0.289655 0.306862, 0.230984 0.534322, 0.249743 0.310204, 0.570679 0.429668, 0.0987332 0.656489, 0.436424 0.422583, 0.695794 0.0204507, 0.916323 0.411777, 0.958292 0.528094, 0.779623 0.147141, 0.931474 0.92886, 0.463731 0.207259, 0.0277451 0.392207, 
0.998578 0.0532488, 0.689493 0.545675, 0.193622 0.0636189, 0.853087 0.129609, 0.86462 0.941366, 0.448107 0.823527, 0.572262 0.272789, 0.00768624 0.736877, 0.32666 0.819907, 0.0844088 0.203006, 0.491057 0.685812, 0.855801 0.805174, 0.0913803 0.963495, 0.693758 0.258705, 0.834185 0.067824, 0.90317 0.956591, 0.334728 0.878945, 0.259166 0.295163, 0.513297 0.0487768, 0.263197 0.883505, 0.541236 0.789219, 0.829733 0.16304, 0.713627 0.999907, 0.813847 0.508155, 0.532075 0.978974, 0.843656 0.289914, 0.00491345 0.553903, 0.855572 0.789473, 0.605169 0.982381, 0.832668 0.624552, 0.428224 0.349718, 0.776693 0.263331, 0.277325 0.394719, 0.793031 0.00811306, 0.764266 0.453426, 0.107027 0.0368139, 0.180483 0.421, 0.909319 0.260074, 0.398885 0.95727, 0.774608 0.0447767, 0.23609 0.435073, 0.141897 0.0695884, 0.126861 0.924307, 0.257761 0.468644, 0.295003 0.226982, 0.342856 0.696638, 0.258711 0.965672, 0.735395 0.979719, 0.00677654 0.114259, 0.157654 0.10161, 0.439591 0.707977, 0.839978 0.664692, 0.888003 0.948204, 0.620311 0.0213174, 0.735165 0.484183, 0.42129 0.698434, 0.803439 0.610997, 0.0929675 0.445685, 0.484297 0.321494, 0.125824 0.307009, 0.0314585 0.156848, 0.716721 0.34461, 0.117306 0.637405, 0.743626 0.862972, 
0.432081 0.842946, 0.500025 0.253838, 0.291313 0.887058, 0.000986643 0.628388, 0.257119 0.148306, 0.722051 0.584676, 0.0528044 0.00564858, 0.798929 0.243976, 0.63361 0.976007, 0.390265 0.103153, 0.585512 0.362669, 0.371629 0.651918, 0.888713 0.50057, 0.372212 0.320855, 0.133382 0.531501, 0.662335 0.696847, 0.593264 0.00908909, 0.385796 0.617819, 0.862428 0.867142, 0.903431 0.474098, 0.247955 0.185517, 0.406959 0.744079, 0.181619 0.183835, 0.458523 0.0757746, 0.196746 0.875044, 0.234026 0.564749, 0.285201 0.773763, 0.337326 0.119131, 0.659711 0.449326, 0.00228006 0.983927, 0.464346 0.1271, 0.979252 0.669082, 0.1237 0.583492, 0.442099 0.711805, 0.376152 0.111012, 0.58682 0.895687, 0.460562 0.646611, 0.27776 0.265384, 0.415387 0.535796, 0.0294247 0.900569, 0.775865 0.727336, 0.513461 0.406856, 0.796816 0.80618, 0.719499 0.0113289, 0.124362 0.596848, 0.80258 0.623391, 0.836236 0.354282, 0.185122 0.484075, 0.722978 0.390957, 0.664907 0.148032, 0.319256 0.111861, 0.449723 0.8364, 0.221948 0.575203, 0.943292 0.454647, 0.385964 0.365348, 0.160236 0.875563, 0.272859 0.00632654, 0.96554 0.0569305, 0.127738 0.682325, 0.488655 0.543478, 0.416516 0.968753, 0.470259 0.596623, 0.685654 0.0882839, 0.394706 0.297564, 
0.914488 0.347314, 0.739139 0.82013, 0.29251 0.543732, 0.920561 0.401025, 0.508416 0.472487, 0.315055 0.836326, 0.596967 0.26272, 0.796992 0.874655, 0.397913 0.507397, 0.905175 0.329137, 0.128025 0.401121, 0.272936 0.947439, 0.0588963 0.226973, 0.363547 0.719568, 0.507252 0.157235, 0.102665 0.739515, 0.725725 0.477064, 0.0831292 0.356312, 0.497791 0.25631, 0.248688 0.938103, 0.372354 0.398092, 0.812079 0.673775, 0.578813 0.174318, 0.115121 0.980162, 0.860208 0.368225, 0.656541 0.603893, 0.987179 0.958845, 0.371494 0.378432, 0.912651 0.329043, 0.65628 0.233255, 0.800975 0.95515, 0.169821 0.0285339, 0.564562 0.618654, 0.657836 0.997775, 0.264768 0.294774, 0.966788 0.0144328, 0.0238351 0.830696, 0.988403 0.574623, 0.352922 0.646124, 0.434354 0.0529105, 0.207381 0.445512, 0.660301 0.364966, 0.101744 0.773545, 0.593044 0.212027, 0.817243 0.900499, 0.281497 0.272068, 0.985451 0.0668396, 0.431134 0.777011, 0.739181 0.728729, 0.297326 0.871432, 0.0729042 0.893725, 0.147286 0.310391, 0.85604 0.0539488, 0.697046 0.253255, 0.444901 0.880958, 0.526757 0.356479, 0.833919 0.842267, 0.682112 0.311739, 0.554958 0.947672, 0.922633 0.378243, 0.8536 0.784113, 0.30158 0.0905396, 0.637106 0.899366, 0.190662 0.533878, 
0.971416 0.829874, 0.156379 0.209935, 0.403107 0.130668, 0.218701 0.470712, 0.752699 0.752328, 0.562988 0.205923, 0.146804 0.678361, 0.882422 0.0429804, 0.230946 0.0475269, 0.428631 0.306734, 0.676635 0.615934, 0.27165 0.204473, 0.721984 0.00680481, 0.919991 0.232463, 0.813374 0.773314, 0.276594 0.497316, 0.323292 0.979824, 0.28385 0.0971794, 0.912489 0.682399, 0.136426 0.222361, 0.687865 0.332771, 0.471646 0.871932, 0.14898 0.494293, 0.674348 0.520329, 0.176449 0.311329, 0.50792 0.558046, 0.666391 0.117423, 0.346033 0.953606, 0.600417 0.782482, 0.0762241 0.607462, 0.167327 0.251039, 0.45347 0.780798, 0.960889 0.575726, 0.806707 0.390664, 0.336628 0.559973, 0.95227 0.788959, 0.467297 0.382116, 0.753573 0.140464, 0.0370874 0.438238, 0.989919 0.551995, 0.396616 0.969373, 0.84885 0.35981, 0.127943 0.317808, 0.383783 0.853999, 0.660961 0.735066, 0.51468 0.033867, 0.101945 0.668766, 0.561876 0.267341, 0.288422 0.689712, 0.928745 0.481423, 0.176961 0.439711, 0.800892 0.196619, 0.873393 0.640712, 0.328949 0.727875, 0.029416 0.240301, 0.987448 0.777099, 0.00315043 0.381277, 0.565775 0.859946, 0.621026 0.619382, 0.348606 0.0313397, 0.162485 0.822113, 0.666627 0.293951, 0.030274 0.879189, 0.568222 0.745578, 
0.515823 0.0816612, 0.502834 0.797323, 0.895745 0.25523, 0.20501 0.668623, 0.711843 0.919055, 0.2154 0.176854, 0.80628 0.511618, 0.0551526 0.921638, 0.255146 0.7862, 0.783665 0.824353, 0.427405 0.506489, 0.983865 0.964699, 0.557394 0.757929, 0.61853 0.446308, 0.26158 0.102656, 0.719362 0.0794604, 0.821331 0.437738, 0.435002 0.769565, 0.486157 0.587218, 0.763969 0.0127454, 0.071902 0.565943, 0.921876 0.780866, 0.912312 0.0613593, 0.140207 0.770811, 0.771659 0.943616, 0.474273 0.206055, 0.0181281 0.107574, 0.248436 0.578567, 0.259578 0.478374, 0.782638 0.446498, 0.547136 0.0637062, 0.627014 0.545716, 0.244491 0.900979, 0.499071 0.122447, 0.29277 0.052028, 0.200856 0.86305, 0.228508 0.168981, 0.952042 0.940989, 0.677909 0.518012, 0.444613 0.183353, 0.318837 0.7054, 0.575824 0.250487, 0.712349 0.0425952, 0.00642499 0.319916, 0.478025 0.670712, 0.378588 0.528467, 0.0778463 0.939679, 0.0719064 0.0624539, 0.322894 0.16027, 0.406798 0.146179, 0.612701 0.946128, 0.656171 0.222875, 0.611423 0.721607, 0.217601 0.697762, 0.683103 0.0923453, 0.211001 0.953336, 0.354682 0.404741, 0.157018 0.769818, 0.178028 0.207178, 0.380784 0.614486, 0.892818 0.516339, 0.656043 0.635257, 0.162702 0.341374, 0.548936 0.329115, 
0.142326 0.600313, 0.505442 0.566441, 0.652919 0.120776, 0.440447 0.624422, 0.831111 0.544353, 0.0940547 0.614483, 0.733728 0.619931, 0.930011 0.215107, 0.2855 0.431095, 0.0406702 0.00955206, 0.0203572 0.611699, 0.714464 0.180271, 0.765042 0.624203, 0.298383 0.524585, 0.110197 0.370404, 0.864874 0.953013, 0.463082 0.426052, 0.82204 0.792593, 0.0716249 0.494351, 0.556217 0.307066, 0.891194 0.475693, 0.311694 0.941065, 0.55203 0.815409, 0.164206 0.1405, 0.721413 0.284839, 0.387301 0.876598, 0.924462 0.725712, 0.612913 0.0077934, 0.985878 0.571729, 0.108797 0.938149, 0.822633 0.829654, 0.355756 0.413053, 0.96401 0.288772, 0.0471113 0.444454, 0.627178 0.599723, 0.784248 0.173626, 0.530735 0.944743, 0.470976 0.264656, 0.995401 0.721038, 0.129644 0.728521, 0.0382517 0.285293, 0.977779 0.500946, 0.585314 0.930816, 0.585069 0.664002, 0.950583 0.47012, 0.420627 0.234182, 0.702163 0.960038, 0.785496 0.397427, 0.490842 0.638638, 0.94273 0.211382, 0.334881 0.793661, 0.367066 0.28891, 0.923857 0.471977, 0.809933 0.920655, 0.469267 0.307335, 0.847166 0.694314, 0.665536 0.282671, 0.41504 0.168865, 0.582185 0.554541, 0.634084 0.0897061, 0.114421 0.426422, 0.260631 0.794441, 0.936953 0.420254, 0.506818 0.671266, 
0.887598 0.483878, 0.921303 0.877357, 0.0803592 0.944456, 0.0791376 0.148314, 0.485309 0.0285704, 0.483142 0.478413, 0.355741 0.820981, 0.0551477 0.323614, 0.531808 0.674168, 0.850712 0.470095, 0.941983 0.0576466, 0.490814 0.345213, 0.109823 0.815195, 0.383299 0.753854, 0.209151 0.875562, 0.233981 0.187621, 0.214037 0.829054, 0.85989 0.201403, 0.199847 0.150203, 0.444728 0.831855, 0.598267 0.241097, 0.267283 0.281091, 0.3306 0.471846, 0.92646 0.597814, 0.534037 0.459834, 0.408119 0.0197454, 0.571099 0.690305, 0.892725 0.231979, 0.287334 0.12458, 0.572574 0.730592, 0.549641 0.342857, 0.107305 0.0852604, 0.602467 0.902531, 0.695122 0.593898, 0.642353 0.985317, 0.805238 0.420939, 0.272157 0.534658, 0.0534791 0.199599, 0.629108 0.647309, 0.418137 0.321648, 0.898325 0.419069, 0.505151 0.795994, 0.521069 0.404365, 0.105052 0.0439133, 0.479659 0.23433, 0.99333 0.636677, 0.920262 0.0179311, 0.204313 0.48038, 0.0528434 0.887999, 0.49146 0.477979, 0.984803 0.888415, 0.122711 0.137111, 0.0597796 0.706077, 0.307346 0.521443, 0.37665 0.0413135, 0.604699 0.82803, 0.00592889 0.15861, 0.957383 0.0384621, 0.998551 0.399792, 0.54864 0.832914, 0.0152747 0.89304, 0.816275 0.653604, 0.433958 0.122111, 0.19056 0.283895, 
0.78714 0.168334, 0.0390446 0.584547, 0.938232 0.561847, 0.409504 0.331431, 0.686659 0.994294, 0.156564 0.89463, 0.352161 0.195344, 0.596832 0.344998, 0.769713 0.951313, 0.561403 0.0260393, 0.294092 0.284323, 0.838021 0.618053, 0.675356 0.840294, 0.491562 0.0136753, 0.697295 0.268231, 0.749152 0.695148, 0.838755 0.0884989, 0.774713 0.490239, 0.0834847 0.491827, 0.522481 0.942717, 0.940723 0.755584, 0.513127 0.483314, 0.547158 0.00250104, 0.0381451 0.375565, 0.478735 0.862846, 0.0613074 0.716846, 0.703765 0.284324, 0.120118 0.968781, 0.330248 0.474558, 0.0569971 0.0344745, 0.400943 0.693282, 0.00117599 0.700563, 0.757491 0.157557, 0.206554 0.665107, 0.401715 0.0680083, 0.446777 0.395233, 0.245397 0.71615, 0.636788 0.079562, 0.397035 0.853965, 0.00110086 0.825023, 0.857136 0.171655, 0.0926835 0.625964, 0.708553 0.470991, 0.220926 0.801589, 0.516629 0.899639, 0.0474845 0.786334, 0.419395 0.950667, 0.632153 0.824595, 0.715976 0.590957, 0.229751 0.37766, 0.283633 0.071843, 0.548099 0.753788, 0.866521 0.143537, 0.392672 0.914974, 0.502814 0.655698, 0.962552 0.142814, 0.511892 0.839836, 0.25621 0.834866, 0.973463 0.854749, 0.143605 0.260562, 0.29899 0.118066, 0.312157 0.697981, 0.571308 0.384132, 0.509193 0.973956, 
0.458627 0.685549, 0.295073 0.390411, 0.0612774 0.133961, 0.684164 0.532575, 0.1801 0.409862, 0.752581 0.36911, 0.895458 0.731645, 0.310205 0.100728, 0.658738 0.86343, 0.057977 0.69505, 0.410429 0.723367, 0.179656 0.141834, 0.071251 0.441239, 0.967721 0.458046, 0.223412 0.119702, 0.528355 0.893327, 0.370069 0.534506, 0.172727 0.685982, 0.348721 0.0193973, 0.993644 0.316247, 0.0563693 0.776093, 0.0588792 0.0205948, 0.875205 0.429162, 0.204296 0.216951, 0.812774 0.538664, 0.647646 0.144064, 0.497432 0.712182, 0.282273 0.0591309, 0.827933 0.953919, 0.898151 0.61651, 0.587934 0.13445, 0.82595 0.410779, 0.650842 0.586367, 0.205171 0.30318, 0.949168 0.644217, 0.597144 0.84046, 0.301941 0.267053, 0.982085 0.943185, 0.307575 0.922188, 0.542437 0.457069, 0.299243 0.190993, 0.942739 0.748001, 0.466954 0.0113137, 0.110258 0.170223, 0.950636 0.332278, 0.07626 0.412293, 0.324386 0.281094, 0.159383 0.0713758, 0.948665 0.491004, 0.851156 0.291002, 0.968594 0.600073, 0.584803 0.571462, 0.415738 0.724082, 0.891389 0.556969, 0.305288 0.184093, 0.0950173 0.433789, 0.677119 0.348205, 0.444026 0.636362, 0.564735 0.172513, 0.170964 0.65633, 0.701825 0.760322, 0.75478 0.040223, 0.847669 0.752053, 0.175566 0.372241, 
0.763963 0.494331, 0.27726 0.866249, 0.405178 0.0831839, 0.948222 0.229699, 0.51862 0.759636, 0.480007 0.898162, 0.115033 0.458304, 0.844294 0.245075, 0.766369 0.485397, 0.184923 0.906498, 0.454902 0.373601, 0.833328 0.121552, 0.268216 0.640444, 0.500261 0.592099, 0.700879 0.449543, 0.209415 0.446505, 0.348187 0.219676, 0.799086 0.767121, 0.653368 0.257543, 0.622804 0.804771, 0.300262 0.509381, 0.561343 0.493778, 0.366622 0.944541, 0.317654 0.729294, 0.853819 0.827892, 0.658752 0.972446, 0.0669546 0.442303, 0.485299 0.230185, 0.553229 0.680172, 0.128874 0.537471, 0.641382 0.973654, 0.843395 0.598185, 0.147161 0.972944, 0.232916 0.0685459, 0.330242 0.632686, 0.0221758 0.260141, 0.99152 0.170545, 0.784868 0.883914, 0.705099 0.723687, 0.207244 0.426045, 0.0943302 0.102291, 0.464697 0.865492, 0.43037 0.495968, 0.730934 0.780034, 0.750108 0.395192, 0.506304 0.661413, 0.688652 0.186323, 0.87707 0.825592, 0.186498 0.66651, 0.642121 0.993808, 0.137956 0.797842, 0.015187 0.224104, 0.2324 0.176744, 0.643658 0.23755, 0.865189 0.975439, 0.0619959 0.665476, 0.762695 0.627849, 0.256047 0.0178477, 0.352124 0.315226, 0.723384 0.951744, 0.700031 0.609553, 0.00191498 0.424859, 0.205534 0.996236, 0.255461 0.0549752, 
0.36186 0.705855, 0.918485 0.268365, 0.645675 0.84268, 0.037302 0.644084, 0.663779 0.073338, 0.040649 0.0431488, 0.413643 0.438596, 0.282561 0.902344, 0.0494204 0.031869, 0.581507 0.18224, 0.764019 0.673745, 0.467625 0.966166, 0.481623 0.0697613, 0.825838 0.218309, 0.485098 0.967301, 0.90817 0.970324, 0.0976142 0.965368, 0.988433 0.433694, 0.0395038 0.38308, 0.368784 0.970862, 0.831765 0.0446362, 0.896535 0.96033, 0.372111 0.392972, 0.174688 0.0837558, 0.268183 0.608063, 0.20855 0.369577, 0.769136 0.225705, 0.324269 0.841251, 0.764916 0.501755, 0.281194 0.154828, 0.306194 0.563134, 0.999456 0.28641, 0.044733 0.418825, 0.702902 0.133833, 0.580089 0.919058, 0.524778 0.249828, 0.10825 0.65998, 0.637471 0.0377935, 0.348394 0.264218, 0.963681 0.51068, 0.147365 0.921547, 0.760421 0.532252, 0.522207 0.207464, 0.445357 0.542976, 0.713335 0.489952, 0.431708 0.129642, 0.971689 0.69204, 0.496523 0.0239412, 0.410374 0.455473, 0.205598 0.116386, 0.546484 0.397071, 0.223474 0.834151, 0.783715 0.0298567, 0.369646 0.407576, 0.0214462 0.36056, 0.662755 0.867545, 0.232102 0.542708, 0.0443887 0.925491, 0.820244 0.785044, 0.867422 0.196332, 0.249772 0.577522, 0.766702 0.565395, 0.538484 0.223596, 0.0221344 0.742431, 
0.739994 0.785455, 0.407838 0.412443, 0.256979 0.130301, 0.926641 0.718259, 0.201467 0.596159, 0.860418 0.242514, 0.892756 0.940568, 0.795845 0.559388, 0.259754 0.299135, 0.188481 0.512425, 0.458954 0.878865, 0.884419 0.619797, 0.0972733 0.494864, 0.490937 0.588857, 0.074948 0.268515, 0.623265 0.197032, 0.596128 0.570993, 0.538746 0.10091, 0.72258 0.377547, 0.363438 0.262161, 0.0326041 0.602437, 0.774887 0.558345, 0.768203 0.215218, 0.582665 0.68089, 0.700356 0.164053, 0.924567 0.386188, 0.0866551 0.321288, 0.617195 0.670881, 0.0594451 0.840676, 0.506596 0.0114862, 0.903701 0.99652, 0.571363 0.512995, 0.280398 0.21891, 0.372959 0.610897, 0.741831 0.596062, 0.804916 0.500348, 0.262647 0.0785121, 0.594912 0.879845, 0.355748 0.6936, 0.511499 0.577221, 0.435711 0.0564499, 0.120711 0.898925, 0.768314 0.123488, 0.431372 0.966516, 0.0692752 0.475372, 0.195179 0.871077, 0.416078 0.879043, 0.00204949 0.826481, 0.942921 0.488154, 0.541865 0.845901, 0.535997 0.340818, 0.966612 0.921406, 0.0167998 0.987762, 0.258187 0.696972, 0.827253 0.766822, 0.848808 0.124882, 0.531621 0.390998, 0.621191 0.0339349, 0.121655 0.587312, 0.0308556 0.230623, 0.351101 0.685598, 0.468323 0.313131, 0.630481 0.622844, 0.942853 0.180825, 
0.102681 0.600061, 0.59161 0.417645, 0.217019 0.465277, 0.622995 0.926018, 0.356171 0.844902, 0.471 0.266158, 0.246706 0.106202, 0.338808 0.79354, 0.632882 0.450723, 0.998015 0.14769, 0.831903 0.38366, 0.58168 0.227186, 0.223099 0.292446, 0.726361 0.776027, 0.200139 0.977066, 0.460945 0.664652, 0.386369 0.450405, 0.0622028 0.00842791, 0.933809 0.920162, 0.169328 0.159946, 0.335111 0.648507, 0.527107 0.215763, 0.478073 0.725447, 0.0598937 0.572414, 0.327474 0.992012, 0.878625 0.622551, 0.0253154 0.571889, 0.971665 0.71358, 0.544748 0.433669, 0.253468 0.34469, 0.81901 0.453049, 0.431123 0.958141, 0.712798 0.00269247, 0.109319 0.911713, 0.380128 0.328611, 0.0490311 0.726882, 0.104372 0.178626, 0.697603 0.0415041, 0.41591 0.443129, 0.923066 0.208341, 0.0552294 0.507061, 0.88053 0.467787, 0.859147 0.974461, 0.053611 0.191664, 0.471081 0.440449, 0.876857 0.33764, 0.278993 0.581842, 0.598138 0.698079, 0.42615 0.299707, 0.0122855 0.278438, 0.405177 0.8664, 0.791809 0.313944, 0.100677 0.320108, 0.859497 0.588989, 0.507559 0.438904, 0.135731 0.0645357, 0.716766 0.754802, 0.355602 0.562358, 0.727132 0.343169, 0.488164 0.450795, 0.594023 0.0562795, 0.727443 0.822652, 0.91268 0.313023, 0.171501 0.266852, 
0.2081 0.94748, 0.948252 0.605046, 0.778331 0.21141, 0.959956 0.0801991, 0.127657 0.290963, 0.479311 0.572943, 0.720822 0.620829, 0.956709 0.900805, 0.083339 0.934454, 0.397341 0.0773232, 0.0280909 0.647949, 0.44802 0.875171, 0.484216 0.748106, 0.620652 0.0333395, 0.996457 0.572421, 0.234983 0.138004, 0.983991 0.508644, 0.182867 0.782118, 0.539399 0.487072, 0.757227 0.698781, 0.637151 0.897483, 0.916346 0.382527, 0.0907006 0.217304, 0.696167 0.462975, 0.3621 0.113906, 0.426109 0.451488, 0.287863 0.200912, 0.673816 0.0292771, 0.372142 0.940985, 0.351471 0.100578, 0.409339 0.710478, 0.707362 0.0780528, 0.153783 0.167882, 0.721875 0.795199, 0.856264 0.607486, 0.484702 0.14045, 0.975253 0.801232, 0.160588 0.743277, 0.824854 0.432385, 0.297233 0.362237, 0.698055 0.828076, 0.207965 0.180638, 0.048341 0.948125, 0.95478 0.538892, 0.790655 0.222787, 0.874346 0.841363, 0.14323 0.229241, 0.805507 0.0132464, 0.776955 0.410172, 0.950297 0.840268, 0.671975 0.569984, 0.413585 0.0357006, 0.75219 0.742609, 0.300142 0.648339, 0.784471 0.248148, 0.425918 0.900948, 0.00840688 0.449455, 0.976952 0.546432, 0.979871 0.951914, 0.59299 0.794586, 0.953027 0.162887, 0.162352 0.613291, 0.27674 0.514773, 0.55988 0.857249, 
0.368623 0.152164, 0.572219 0.0975952, 0.00453446 0.453222, 0.440121 0.943571, 0.459865 0.396468, 0.768739 0.161332, 0.575513 0.176456, 0.294315 0.547211, 0.402183 0.398395, 0.1105 0.175738, 0.92056 0.563422, 0.418512 0.500641, 0.0121202 0.140538, 0.848058 0.222695, 0.00207865 0.406239, 0.318535 0.79323, 0.704069 0.831972, 0.839636 0.23335, 0.00214224 0.472244, 0.228086 0.944781, 0.691213 0.285086, 0.122538 0.727376, 0.481783 0.274161, 0.915461 0.750451, 0.0385214 0.814934, 0.883657 0.869118, 0.606282 0.7893, 0.215438 0.448434, 0.0784837 0.435146, 0.908269 0.624897, 0.0982442 0.650653, 0.464034 0.466227, 0.726248 0.382381, 0.51026 0.0371148, 0.219567 0.579213, 0.566448 0.503, 0.587678 0.853507, 0.444817 0.685063, 0.436126 0.17196, 0.73005 0.999064, 0.0155024 0.625646, 0.468633 0.726312, 0.659765 0.195103, 0.105272 0.750092, 0.304367 0.432853, 0.855826 0.538986, 0.38039 0.854388, 0.272362 0.237308, 0.231717 0.986844, 0.130659 0.333742, 0.0477575 0.740436, 0.260296 0.31838, 0.923061 0.0683341, 0.252778 0.99865, 0.384152 0.0403035, 0.465438 0.464194, 0.380981 0.096631, 0.379402 0.82029, 0.349785 0.243005, 0.143185 0.733118, 0.496268 0.0677335, 0.852631 0.69687, 0.460348 0.0714438, 0.607759 0.46891, 
0.990813 0.855679, 0.681407 0.657417, 0.304263 0.711882, 0.322075 0.125342, 0.983597 0.962893, 0.0714119 0.604259, 0.184386 0.369292, 0.123615 0.787319, 0.960923 0.0276485, 0.826969 0.689972, 0.397277 0.946898, 0.652281 0.395262, 0.103117 0.911822, 0.561342 0.635411, 0.830623 0.609222, 0.260924 0.334038, 0.506372 0.402424, 0.509772 0.972354, 0.629301 0.0228816, 0.406909 0.234684, 0.0502501 0.150926, 0.8564 0.949372, 0.341296 0.653949, 0.758678 0.139633, 0.0700544 0.42021, 0.58384 0.639274, 0.363772 0.555688, 0.88635 0.217766, 0.289623 0.931976, 0.797736 0.99357, 0.390186 0.0827213, 0.147019 0.471205, 0.604854 0.840565, 0.269227 0.951637, 0.279102 0.681548, 0.174943 0.00640608, 0.820857 0.370651, 0.145661 0.467618, 0.815008 0.0525855, 0.713405 0.800258, 0.095689 0.611015, 0.212121 0.247892, 0.585175 0.336355, 0.385712 0.845639, 0.537019 0.0393695, 0.155031 0.088899, 0.907697 0.278908, 0.661778 0.727632, 0.587798 0.303735, 0.787798 0.301198, 0.437804 0.755052, 0.442609 0.385685, 0.641386 0.178586, 0.858613 0.820613, 0.256803 0.241814, 0.706072 0.993751, 0.163105 0.59488, 0.941679 0.0315624, 0.544194 0.28854, 0.748603 0.5404, 0.25232 0.302295, 0.398758 0.929609, 0.726449 0.203078, 0.23293 0.301088, 
0.166008 0.183602, 0.0564914 0.832236, 0.750059 0.306394, 0.548213 0.740713, 0.741403 0.615352, 0.771554 0.634555, 0.649316 0.584914, 0.668249 0.798023, 0.22319 0.109417, 0.473801 0.641202, 0.985995 0.837927, 0.537372 0.246711, 0.212011 0.179807, 0.355736 0.60379, 0.197748 0.649806, 0.962377 0.248146, 0.0853034 0.397382, 0.670452 0.526674, 0.65418 0.747415, 0.226935 0.671401, 0.699697 0.43132, 0.269715 0.0824141, 0.79112 0.496299, 0.369322 0.301863, 0.105186 0.933447, 0.421912 0.0240277, 0.762901 0.544092, 0.345389 0.165495, 0.748407 0.375797, 0.525902 0.615598, 0.984779 0.071019, 0.898849 0.793064, 0.230957 0.177192, 0.479549 0.588532, 0.398743 0.0725216, 0.941139 0.26646, 0.310309 0.228161, 0.256928 0.768628, 0.658476 0.45731, 0.605818 0.299017, 0.786214 0.2685, 0.994895 0.845388, 0.418539 0.547491, 0.724572 0.701343, 0.551764 0.0783099, 0.122205 0.733021, 0.392018 0.428357, 0.561128 0.9523, 0.98121 0.191849, 0.181517 0.00692258, 0.795446 0.729467, 0.126984 0.703397, 0.849463 0.50153, 0.33354 0.871485, 0.511559 0.586021, 0.665203 0.339314, 0.685665 0.623803, 0.47331 0.617568, 0.282601 0.874355, 0.0241562 0.200138, 0.989529 0.528987, 0.461069 0.480519, 0.31165 0.732993, 0.427557 0.708153, 
0.989745 0.314112, 0.344204 0.980641, 0.328039 0.482872, 0.68707 0.246385, 0.139217 0.0218425, 0.318833 0.931415, 0.465447 0.0484305, 0.989859 0.503144, 0.19753 0.542021, 0.0838632 0.615364, 0.836726 0.38033, 0.229531 0.859929, 0.880476 0.353307, 0.548857 0.0266635, 0.664524 0.94088, 0.88541 0.935739, 0.632665 0.373099, 0.333237 0.244676, 9.88224e-05 0.903636, 0.885771 0.361522, 0.458168 0.930956, 0.89694 0.029978, 0.600906 0.755257, 0.529992 0.457116, 0.306372 0.635284, 0.979409 0.726652, 0.0800263 0.366413, 0.252676 0.613667, 0.418224 0.265763, 0.504876 0.858796, 0.0244659 0.838456, 0.781792 0.14527, 0.355813 0.282275, 0.950513 0.573931, 0.7179 0.971779, 0.342385 0.417714, 0.890449 0.945249, 0.000116392 0.531957, 0.681984 0.663404, 0.163804 0.12752, 0.286195 0.479849, 0.720445 0.509485, 0.17033 0.960851, 0.0892656 0.393589, 0.819636 0.964853, 0.815647 0.23669, 0.181033 0.413733, 0.598378 0.339782, 0.0750551 0.531995, 0.584361 0.835235, 0.43643 0.552092, 0.671113 0.988262, 0.229639 0.359528, 0.0142186 0.542535, 0.577689 0.0509619, 0.102749 0.134496, 0.908646 0.755824, 0.234547 0.380125, 0.406675 0.0334838, 0.778214 0.818808, 0.875753 0.101904, 0.104601 0.513378, 0.657814 0.716866, 0.965281 0.24822, 
0.766192 0.811743, 0.136528 0.395357, 0.375864 0.0364133, 0.415341 0.750113, 0.629275 0.656579, 0.108383 0.478358, 0.254633 0.333657, 0.796682 0.126717, 0.346701 0.803845, 0.793651 0.306471, 0.25034 0.0490507, 0.751862 0.7478, 0.55172 0.629953, 0.0556941 0.324403, 0.101832 0.69163, 0.0934063 0.00294117, 0.491593 0.885292, 0.226117 0.593199, 0.829617 0.0625679, 0.129236 0.288232, 0.491349 0.586361, 0.0192971 0.457186, 0.0599768 0.115415, 0.32779 0.197643, 0.697798 0.860753, 0.899867 0.521677, 0.490484 0.92645, 0.776703 0.050391, 0.799944 0.582566, 0.0372333 0.457444, 0.623151 0.199916, 0.41367 0.788137, 0.0609144 0.84829, 0.126817 0.355962, 0.634759 0.184784, 0.533843 0.813561, 0.561 0.541854, 0.669865 0.114861, 0.281958 0.990234, 0.759013 0.655609, 0.502964 0.903273, 0.922206 0.168379, 0.193914 0.0903833, 0.849863 0.410047, 0.866314 0.647681, 0.493822 0.559842, 0.139358 0.663181, 0.456721 0.885733, 0.946292 0.031153, 0.202251 0.163697, 0.517583 0.00414994, 0.987477 0.317633, 0.0678435 0.568009, 0.844499 0.474944, 0.619741 0.946223, 0.265366 0.926941, 0.992038 0.325996, 0.463862 0.23223, 0.564512 0.549858, 0.829549 0.724576, 0.694957 0.351251, 0.303991 0.15201, 0.243854 0.818825, 0.512906 0.252898, 
0.499186 0.167788, 0.233525 0.937072, 0.771973 0.542514, 0.67286 0.25669, 0.910747 0.0586327, 0.917303 0.446931, 0.300748 0.883535, 0.64927 0.765288, 0.27506 0.413011, 0.267531 0.035873, 0.442832 0.40009, 0.0889016 0.581358, 0.324209 0.386049, 0.704489 0.165937, 0.364782 0.162345, 0.864676 0.743623, 0.794773 0.396296, 0.171843 0.131017, 0.906771 0.750181, 0.0964273 0.808133, 0.411755 0.278448, 0.892071 0.87941, 0.467145 0.690244, 0.745507 0.281, 0.920443 0.0633595, 0.126696 0.341964, 0.519468 0.442265, 0.959274 0.221891, 0.23781 0.428517, 0.321185 0.94835, 0.447926 0.0198481, 0.474994 0.70637, 0.781005 0.370404, 0.298864 0.789038, 0.332059 0.282519, 0.180674 0.00856182, 0.0197065 0.918901, 0.92402 0.0784251, 0.213338 0.437109, 0.853993 0.581938, 0.275894 0.342646, 0.0343191 0.861573, 0.634363 0.192636, 0.275277 0.655708, 0.514945 0.344228, 0.137671 0.0020977, 0.902965 0.916016, 0.582174 0.458309, 0.827128 0.177239, 0.930572 0.806251, 0.713559 0.827908, 0.218903 0.998317, 0.43927 0.778546, 0.631368 0.0586243, 0.0432494 0.786616, 0.688078 0.457646, 0.796145 0.975838, 0.112245 0.406363, 0.144513 0.672169, 0.384484 0.981751, 0.263048 0.0981168, 0.449217 0.618169, 0.163263 0.508984, 0.844508 0.803474, 
0.5449 0.724397, 0.86256 0.16594, 0.380585 0.565849, 0.996636 0.927405, 0.197628 0.58454, 0.16013 0.142659, 0.510158 0.145184, 0.753124 0.958779, 0.192964 0.505204, 0.608362 0.671914, 0.924924 0.114736, 0.809324 0.824154, 0.433994 0.887742, 0.867648 0.493202, 0.347735 0.494102, 0.160066 0.705958, 0.469144 0.279325, 0.750289 0.815379, 0.751395 0.355464, 0.484688 0.693452, 0.916545 0.0452523, 0.265203 0.963147, 0.421854 0.397395, 0.215251 0.651174, 0.840641 0.516763, 0.204125 0.640568, 0.177515 0.758536, 0.252264 0.0961905, 0.84569 0.820421, 0.898754 0.238421, 0.52896 0.675343, 0.992383 0.972117, 0.167192 0.163204, 0.666977 0.584042, 0.923157 0.0245451, 0.826495 0.810016, 0.696606 0.424155, 0.37741 0.621536, 0.436744 0.0866895, 0.70731 0.268619, 0.470379 0.581154, 0.99877 0.763565, 0.326041 0.361643, 0.712086 0.784589, 0.331284 0.674523, 0.369326 0.0964498, 0.297924 0.838899, 0.158616 0.187804, 0.266734 0.508718, 0.679706 0.522968, 0.158782 0.272314, 0.738931 0.192853, 0.426055 0.602076, 0.387005 0.41105, 0.288859 0.0903473, 0.803318 0.31295, 0.945707 0.0455613, 0.34039 0.740129, 0.043117 0.900956, 0.62082 0.0636462, 0.250686 0.417446, 0.969942 0.364651, 0.788542 0.0930929, 0.343549 0.193591, 
0.902071 0.40878, 0.138196 0.52245, 0.422933 0.250578, 0.538121 0.0531313, 0.912387 0.998964, 0.246778 0.738815, 0.498728 0.741452, 0.617143 0.533733, 0.72037 0.141046, 0.976899 0.831329, 0.17936 0.689322, 0.486231 0.912908, 0.319755 0.187337, 0.354001 0.540728, 0.647965 0.881227, 0.898935 0.459321, 0.00517029 0.971906, 0.431858 0.86011, 0.0508638 0.297905, 0.470313 0.0512108, 0.888717 0.800671, 0.172427 0.259415, 0.804585 0.773622, 0.529355 0.00779167, 0.0532809 0.0831234, 0.792679 0.999876, 0.530128 0.168447, 0.698429 0.743877, 0.264278 0.489196, 0.24787 0.741387, 0.0198409 0.936355, 0.822896 0.0544824, 0.776636 0.604347, 0.490717 0.230733, 0.330428 0.586429, 0.122394 0.633057, 0.621126 0.966888, 0.553347 0.563299, 0.679879 0.963803, 0.939188 0.042248, 0.0509474 0.394154, 0.331984 0.710768, 0.447665 0.856855, 0.285632 0.0402169, 0.66266 0.166559, 0.633836 0.921244, 0.513527 0.454806, 0.905952 0.641678, 0.0200892 0.797766, 0.399347 0.761086, 0.464562 0.160978, 0.829439 0.476254, 0.465548 0.796623, 0.623514 0.54053, 0.805105 0.844702, 0.025165 0.503523, 0.210388 0.284194, 0.351735 0.693834, 0.81592 0.416192, 0.240257 0.608769, 0.907591 0.710998, 0.542741 0.519739, 0.761481 0.720517, 0.141185 0.678357, 
0.360381 0.586327, 0.678855 0.756665, 0.13154 0.00527587, 0.368568 0.918252, 0.276092 0.482887, 0.643842 0.529368, 0.0906796 0.288799, 0.93868 0.385646, 0.328876 0.167356, 0.0546734 0.569158, 0.597988 0.580635, 0.499757 0.0854816, 0.209401 0.293542, 0.771439 0.143638, 0.365478 0.738247, 0.120834 0.11866, 0.934334 0.227475, 0.686695 0.122459, 0.140843 0.85388, 0.534583 0.447239, 0.231823 0.424416, 0.247296 0.727067, 0.0831366 0.97005, 0.724456 0.384585, 0.611886 0.632863, 0.343605 0.905627, 0.144382 0.156984, 0.27035 0.420685, 0.838958 0.545349, 0.541649 0.204009, 0.462491 0.500985, 0.106018 0.30303, 0.221209 0.875615, 0.936073 0.0906755, 0.472081 0.410894, 0.213992 0.278187, 0.892871 0.373608, 0.278368 0.169893, 0.182419 0.448639, 0.806036 0.480111, 0.634255 0.318168, 0.19146 0.253468, 0.69116 0.692068, 0.857112 0.367673, 0.0673229 0.983189, 0.965037 0.0645095, 0.358479 0.472008, 0.832146 0.091459, 0.341054 0.0506028, 0.784586 0.952398, 0.602107 0.549867, 0.263366 0.883071, 0.688879 0.0366453, 0.965997 0.617599, 0.424124 0.410588, 0.977951 0.676984, 0.271568 0.0346342, 0.66456 0.751837, 0.502508 0.511973, 0.220941 0.0666335, 0.686561 0.912515, 0.166245 0.279971, 0.560077 0.996947, 0.0977264 0.0475974, 
0.787271 0.280342, 0.913286 0.827642, 0.0553965 0.653103, 0.517653 0.197902, 0.553204 0.261249, 0.753059 0.954388, 0.693106 0.136508, 0.531047 0.74821, 0.295278 0.977075, 0.845424 0.150348, 0.0826968 0.873085, 0.753333 0.638244, 0.338128 0.998675, 0.850713 0.736077, 0.640342 0.335115, 0.698875 0.667976, 0.224402 0.226544, 0.388579 0.716361, 0.883632 0.483222, 0.742505 0.520023, 0.803594 0.124154, 0.751511 0.278644, 0.187117 0.32014, 0.770619 0.0790255, 0.477849 0.16778, 0.521496 0.545653, 0.946472 0.492533, 0.549674 0.891782, 0.0490401 0.519028, 0.341028 0.198643, 0.735744 0.940855, 0.534635 0.173493, 0.83201 0.645241, 0.046009 0.739878, 0.942915 0.910197, 0.382133 0.0674294, 0.645029 0.717085, 0.0887474 0.290276, 0.563866 0.0982092, 0.0466091 0.885232, 0.853276 0.824631, 0.451754 0.687456, 0.679556 0.175588, 0.141028 0.45867, 0.165846 0.185468, 0.915548 0.747884, 0.358378 0.959538, 0.649656 0.613753, 0.261329 0.601536, 0.812714 0.333523, 0.14751 0.372975, 0.61586 0.213903, 0.128112 0.229609, 0.0265581 0.704486, 0.442109 0.105513, 0.268899 0.830554, 0.658307 0.61046, 0.875819 0.246105, 0.611985 0.0936558, 0.263485 0.338172, 0.110926 0.858982, 0.87627 0.359615, 0.567028 0.0748572, 0.367887 0.700261, 
0.135284 0.214953, 0.369679 0.310802, 0.667617 0.728972, 0.98251 0.399704, 0.292784 0.299738, 0.890549 0.704339, 0.406012 0.24295, 0.220678 0.530367, 0.734787 0.578274, 0.433956 0.43016, 0.222117 0.21011, 0.67551 0.302886, 0.0241958 0.40886, 0.803611 0.0349055, 0.245669 0.513514, 0.36263 0.925847, 0.410219 0.290021, 0.0912695 0.583608, 0.630661 0.109295, 0.0403301 0.268622, 0.815591 0.835859, 0.238001 0.997485, 0.586573 0.944008, 0.943192 0.625939, 0.223138 0.72553, 0.744807 0.233624, 0.114618 0.539065, 0.892975 0.0870942, 0.803848 0.730897, 0.0583731 0.898402, 0.696194 0.483722, 0.556602 0.276279, 0.425613 0.665071, 0.106677 0.230211, 0.167904 0.393658, 0.71205 0.44951, 0.696725 0.826771, 0.150023 0.998447, 0.592451 0.597166, 0.536591 0.82312, 0.240863 0.064706, 0.977931 0.228777, 0.0411859 0.690102, 0.837205 0.498332, 0.473794 0.666763, 0.426297 0.373733, 0.0906979 0.794278, 0.433081 0.773747, 0.236761 0.289928, 0.974562 0.802262, 0.242342 0.150762, 0.580072 0.97033, 0.302844 0.663664, 0.458271 0.507412, 0.953158 0.387833, 0.812249 0.941132, 0.458047 0.495914, 0.229843 0.377717, 0.574722 0.991536, 0.756023 0.571643, 0.524151 0.335239, 0.879885 0.87911, 0.440801 0.431469, 0.0690077 0.894842, 
0.966878 0.648402, 0.768474 0.222418, 0.139013 0.898442, 0.749962 0.440545, 0.535607 0.966846, 0.0257174 0.426179, 0.0146514 0.868461, 0.932608 0.212639, 0.507813 0.0317984, 0.907825 0.662619, 0.626276 0.893415, 0.215359 0.782961, 0.664796 0.896192, 0.434605 0.281307, 0.984738 0.301877, 0.0710222 0.0733249, 0.559551 0.932117, 0.996203 0.945455, 0.416637 0.772392, 0.598205 0.620347, 0.289429 0.326262, 0.409348 0.538202, 0.143844 0.0824169, 0.926373 0.11501, 0.118781 0.460413, 0.69405 0.929391, 0.160083 0.389464, 0.172809 0.0117393, 0.65989 0.298295, 0.31473 0.695462, 0.0409808 0.390604, 0.836313 0.507308, 0.601831 0.999919, 0.371603 0.745963, 0.931368 0.325826, 0.158911 0.859834, 0.622447 0.334862, 0.373244 0.105147, 0.0253489 0.643586, 0.76684 0.622848, 0.796849 0.143947, 0.413918 0.570187, 0.668176 0.79495, 0.414299 0.911565, 0.0275434 0.168643, 0.692994 0.199726, 0.758419 0.0726631, 0.0094508 0.00774758, 0.856788 0.512266, 0.658077 0.676062, 0.317972 0.771568, 0.902947 0.0414123, 0.491402 0.655266, 0.708167 0.571192, 0.750189 0.102568, 0.201502 0.080541, 0.0413875 0.247535, 0.968768 0.460826, 0.357182 0.411573, 0.939637 0.0732933, 0.126722 0.881545, 0.525395 0.768703, 0.910722 0.0846101, 0.319203 0.42074, 
0.553317 0.500114, 0.339725 0.00704292, 0.411355 0.82047, 0.0693955 0.423463, 0.473423 0.434503, 0.503776 0.723709, 0.769613 0.4263, 0.177907 0.131981, 0.538524 0.966593, 0.210146 0.120338, 0.971781 0.629152, 0.581611 0.444981, 0.0786145 0.0961891, 0.972935 0.832872, 0.185798 0.741967, 0.655824 0.65111, 0.798603 0.447885, 0.300412 0.579188, 0.73014 0.175802, 0.130422 0.659416, 0.302104 0.262528, 0.867277 0.870158, 0.551055 0.135693, 0.278502 0.818011, 0.611492 0.545905, 0.756569 0.762247, 0.903079 0.536746, 0.502901 0.0168124, 0.556823 0.531298, 0.390023 0.222673, 0.89524 0.992765, 0.176754 0.0610667, 0.534186 0.450223, 0.881775 0.0530337, 0.517193 0.210376, 0.767543 0.382905, 0.81696 0.85677, 0.172605 0.303851, 0.887979 0.468023, 0.611034 0.0853569, 0.199072 0.771381, 0.239633 0.360865, 0.368582 0.231566, 0.577279 0.163934, 0.838177 0.277559, 0.573778 0.478424, 0.681932 0.965257, 0.0305425 0.959189, 0.597922 0.150997, 0.292126 0.483402, 0.650542 0.279434, 0.821572 0.263129, 0.0199848 0.806551, 0.954116 0.793917, 0.321209 0.553754, 0.26447 0.981667, 0.684594 0.505325, 0.145957 0.762733, 0.737359 0.682389, 0.239659 0.00993511, 0.186936 0.519915, 0.0967219 0.099394, 0.491767 0.726071, 0.281711 0.965724, 
0.143057 0.719373, 0.873241 0.892984, 0.478634 0.692549, 0.794033 0.106825, 0.939795 0.686765, 0.299303 0.0554672, 0.291206 0.594738, 0.672578 0.677963, 0.445494 0.703228, 0.086862 0.651743, 0.804749 0.0209781, 0.359072 0.827197, 0.464793 0.524046, 0.137493 0.632917, 0.722222 0.271224, 0.380653 0.400677, 0.97485 0.624495, 0.180874 0.349284, 0.371375 0.0602456, 0.749266 0.355722, 0.177119 0.842732, 0.974974 0.4365, 0.327814 0.599773, 0.573025 0.0225666, 0.938062 0.248064, 0.27462 0.0404725, 0.056456 0.812115, 0.917546 0.953293, 0.231313 0.99898, 0.99756 0.289963, 0.389329 0.549318, 0.538309 0.823439, 0.464517 0.105574, 0.843173 0.615443, 0.119884 0.667516, 0.119855 0.088078, 0.214154 0.499553, 0.433337 0.852775, 0.384507 0.397052, 0.0366459 0.0262128, 0.930016 0.284171, 0.926977 0.957768, 0.181838 0.618386, 0.770333 0.687454, 0.141688 0.804681, 0.158835 0.270795, 0.298215 0.597373, 0.876273 0.6616, 0.657915 0.898533, 0.318836 0.106728, 0.0925725 0.102306, 0.437488 0.459325, 0.215545 0.295688, 0.0735719 0.377998, 0.534247 0.11822, 0.39816 0.818525, 0.0934662 0.365023, 0.204814 0.346145, 0.776393 0.101801, 0.893538 0.70579, 0.478815 0.0654422, 0.823943 0.9681, 0.913593 0.293575, 0.466517 0.219441, 
0.0996959 0.198532, 0.395129 0.498558, 0.955257 0.30525, 0.381667 0.282201, 0.194324 0.678931, 0.860665 0.501376, 0.407802 0.162345, 0.995958 0.197754, 0.620868 0.249179, 0.617664 0.574841, 0.748486 0.330763, 0.0128821 0.332569, 0.502236 0.0347214, 0.783033 0.486568, 0.204406 0.884337, 0.496975 0.0156775, 0.187088 0.972974, 0.694423 0.745059, 0.346205 0.982301, 0.921584 0.226318, 0.680467 0.686787, 0.0297514 0.911568, 0.730708 0.267504, 0.48691 0.922617, 0.173542 0.339107, 0.37658 0.673852, 0.70175 0.147762, 0.274949 0.426767, 0.415999 0.558583, 0.785879 0.389306, 0.108841 0.212876, 0.160922 0.659424, 0.110133 0.768331, 0.0685238 0.285351, 0.837949 0.979473, 0.590758 0.954367, 0.452065 0.185618, 0.792188 0.161587, 0.84413 0.879988, 0.252591 0.946888, 0.68669 0.401845, 0.662919 0.820351, 0.705725 0.194985, 0.0420875 0.162351, 0.793564 0.88704, 0.641135 0.620403, 0.653699 0.115057, 0.448757 0.337309, 0.484675 0.734918, 0.107991 0.631374, 0.923086 0.791052, 0.146645 0.747177, 0.494306 0.961792, 0.654997 0.607808, 0.601893 0.195868, 0.944886 0.335565, 0.830957 0.789941, 0.801102 0.358182, 0.561145 0.948036, 0.256523 0.783297, 0.561105 0.223475, 0.499175 0.486706, 0.539753 0.627761, 0.804491 0.490294, 
0.662464 0.316348, 0.846782 0.795089, 0.577233 0.993048, 0.0341673 0.56185, 0.674689 0.95292, 0.163966 0.275654, 0.441958 0.544388, 0.878264 0.759676, 0.0834421 0.0918209, 0.853102 0.712658, 0.387438 0.42545, 0.425005 0.955863, 0.264263 0.357383, 0.782147 0.764954, 0.641743 0.931224, 0.45534 0.786744, 0.00599011 0.377832, 0.463446 0.33793, 0.22002 0.205007, 0.292859 0.601132, 0.0157088 0.0634549, 0.247955 0.501644, 0.268186 0.23551, 0.876918 0.0284535, 0.399405 0.801079, 0.787245 0.386682, 0.820243 0.954455, 0.0860497 0.343798, 0.504001 0.278713, 0.612105 0.788283, 0.371704 0.250396, 0.864123 0.208402, 0.720374 0.660411, 0.438851 0.232066, 0.470712 0.323119, 0.752201 0.406512, 0.763241 0.442403, 0.0185922 0.806211, 0.567041 0.151764, 0.632808 0.582288, 0.205276 0.217406, 0.394941 0.073833, 0.525569 0.501013, 0.255981 0.948249, 0.582576 0.133392, 0.108164 0.460495, 0.857095 0.899922, 0.439676 0.450699, 0.926787 0.233536, 0.368593 0.872962, 0.613068 0.7366, 0.460681 0.183936, 0.821765 0.0653121, 0.544802 0.687203, 0.371758 0.564338, 0.116832 0.508696, 0.161301 0.921197, 0.419383 0.462121, 0.689761 0.533365, 0.371829 0.1878, 0.292645 0.520055, 0.43376 0.928648, 0.196841 0.713661, 0.334961 0.0424346, 
0.311636 0.281865, 0.231838 0.655169, 0.545787 0.236679, 0.977775 0.130024, 0.0904709 0.889156, 0.61259 0.273622, 0.67144 0.633162, 0.203376 0.815248, 0.508488 0.265147, 0.331166 0.801654, 0.292829 0.131633, 0.861426 0.418156, 0.555585 0.596514, 0.0669042 0.900573, 0.971133 0.508582, 0.753195 0.156303, 0.686002 0.389434, 0.51224 0.682511, 0.829252 0.861266, 0.952927 0.432803, 0.592041 0.401836, 0.739752 0.699539, 0.919991 0.830521, 0.133992 0.627295, 0.572641 0.486361, 0.0875 0.869663, 0.807544 0.706407, 0.22392 0.580125, 0.804913 0.548464, 0.0164314 0.738955, 0.552426 0.638123, 0.933709 0.781145, 0.142328 0.384796, 0.803279 0.322379, 0.101818 0.694441, 0.167286 0.956799, 0.987841 0.368293, 0.31735 0.372242, 0.525373 0.932941, 0.326313 0.50969, 0.735875 0.543421, 0.563033 0.98081, 0.128823 0.541204, 0.838803 0.835823, 0.47015 0.674083, 0.99225 0.390047, 0.305688 0.435575, 0.146779 0.908154, 0.666662 0.13423, 0.196166 0.256056, 0.63464 0.39562, 0.0995885 0.921067, 0.936161 0.542307, 0.0698975 0.732451, 0.726833 0.369607, 0.374581 0.340035, 0.610031 0.0145815, 0.179563 0.327228, 0.622335 0.807145, 0.962088 0.769655, 0.0120821 0.558145, 0.798197 0.296038, 0.76554 0.995054, 0.745419 0.0615499, 
0.0214641 0.488248, 0.4366 0.936929, 0.392263 0.569082, 0.780482 0.740815, 0.299697 0.285001, 0.0452826 0.113165, 0.693164 0.10954, 0.969647 0.965715, 0.20512 0.497956, 0.509189 0.0549201, 0.978175 0.890568, 0.115365 0.677696, 0.505846 0.376222, 0.47119 0.0494494, 0.370725 0.266809, 0.148398 0.15078, 0.0281306 0.994366, 0.743653 0.0893043, 0.966801 0.721009, 0.343379 0.945592, 0.674934 0.0208151, 0.525095 0.857493, 0.31688 0.113966, 0.332108 0.3896, 0.641824 0.383766, 0.951886 0.0259967, 0.305818 0.228652, 0.626731 0.180237, 0.906229 0.357438, 0.294348 0.0434371, 0.173906 0.971479, 0.407257 0.948562, 0.0938041 0.259006, 0.660409 0.004136, 0.5752 0.873131, 0.321471 0.445563, 0.435884 0.0959481, 0.103231 0.0460263, 0.929604 0.911278, 0.685499 0.217142, 0.0482225 0.346034, 0.999181 0.401624, 0.233328 0.566216, 0.804174 0.280201, 0.0576461 0.264802, 0.175675 0.499167, 0.452397 0.014702, 0.545401 0.588034, 0.951908 0.656897, 0.87087 0.087113, 0.0715838 0.44753, 0.385328 0.29095, 0.944991 0.756723, 0.11507 0.0253098, 0.64832 0.957918, 0.264393 0.0574192, 0.614798 0.643808, 0.895704 0.970742, 0.235823 0.953575, 0.0782775 0.341871, 0.44467 0.581806, 0.217434 0.0987144, 0.185102 0.605781, 0.622114 0.860504, 
0.929891 0.53192, 0.269963 0.356702, 0.837575 0.739679, 0.130113 0.117797, 0.257336 0.937561, 0.375089 0.773515, 0.961845 0.510869, 0.0824561 0.275947, 0.636227 0.952447, 0.748658 0.0793669, 0.965057 0.486103, 0.327843 0.639059, 0.762967 0.868224, 0.385301 0.437771, 0.0254648 0.630519, 0.565306 0.799456, 0.370151 0.220263, 0.26177 0.394121, 0.263725 0.621998, 0.428448 0.164117, 0.481913 0.650976, 0.360878 0.449231, 0.0879854 0.349043, 0.800236 0.59132, 0.717223 0.927455, 0.287153 0.745873, 0.384493 0.497357, 0.11083 0.0494195, 0.697436 0.970303, 0.364284 0.607823, 0.657341 0.131593, 0.952081 0.459033, 0.487658 0.610168, 0.323378 0.0141327, 0.575398 0.569547, 0.820591 0.799735, 0.239322 0.655796, 0.759678 0.360105, 0.740696 0.74401, 0.787725 0.00514597, 0.431861 0.732956, 0.488201 0.336875, 0.527493 0.275751, 0.310197 0.970955, 0.504664 0.419358, 0.845423 0.41805, 0.983389 0.791486, 0.149664 0.658502, 0.0920899 0.0975313, 0.512357 0.779184, 0.691402 0.821786, 0.704728 0.608149, 0.372266 0.640544, 0.0448559 0.843594, 0.947645 0.365281, 0.406923 0.755782, 0.738418 0.778568, 0.0614729 0.523472, 0.905651 0.233219, 0.570894 0.0289672, 0.602061 0.371529, 0.796228 0.774525, 0.945252 0.214461, 0.30581 0.182313, 
0.0908964 0.933271, 0.259358 0.897146, 0.668714 0.38706, 0.614161 0.24817, 0.463758 0.144376, 0.83419 0.407911, 0.361273 0.64411, 0.52667 0.527771, 0.241375 0.960948, 0.0218743 0.229506, 0.570985 0.498543, 0.873676 0.110715, 0.305084 0.940042, 0.171305 0.257434, 0.931893 0.0225832, 0.789969 0.428717, 0.91972 0.707034, 0.702899 0.589583, 0.0463615 0.817377, 0.00406866 0.0481963, 0.883575 0.241459, 0.60507 0.306582, 0.0883405 0.586767, 0.89408 0.667481, 0.0705427 0.903424, 0.358368 0.118977, 0.952277 0.776618, 0.454632 0.577478, 0.763283 0.317001, 0.250751 0.30851, 0.0623732 0.931679, 0.718961 0.347511, 0.425596 0.189465, 0.267901 0.632919, 0.748149 0.429177, 0.107563 0.205227, 0.685877 0.457122, 0.520745 0.96919, 0.202006 0.255007, 0.111037 0.906634, 0.0692341 0.653971, 0.651236 0.621475, 0.805 0.861217, 0.0253231 0.66632, 0.514114 0.117384, 0.72527 0.710943, 0.278988 0.930551, 0.793151 0.274854, 0.214436 0.309218, 0.338173 0.744121, 0.870566 0.295978, 0.116919 0.346284, 0.633705 0.122763, 0.608781 0.547248, 0.112192 0.309718, 0.85431 0.914665, 0.791827 0.179643, 0.406181 0.574902, 0.401676 0.839101, 0.265009 0.297013, 0.0644246 0.706764, 0.601815 0.987083, 0.379642 0.930938, 0.551884 0.265134, 
0.991589 0.654122, 0.243096 0.525926, 0.531121 0.00465941, 0.141254 0.401415, 0.376661 0.910935, 0.787905 0.742056, 0.283934 0.0174246, 0.606157 0.0134686, 0.861183 0.368933, 0.281108 0.268493, 0.737423 0.744557, 0.102233 0.363136, 0.566721 0.520652, 0.485255 0.231432, 0.594894 0.747425, 0.348033 0.748082, 0.0340638 0.0777995, 0.829985 0.0722069, 0.427076 0.498726, 0.678227 0.916447, 0.0422123 0.886133, 0.697622 0.448506, 0.840494 0.0161817, 0.322887 0.826555, 0.625228 0.446482, 0.0496775 0.462451, 0.634814 0.365664, 0.349489 0.869235, 0.633361 0.792564, 0.812926 0.100493, 0.413784 0.292125, 0.148969 0.692514, 0.830957 0.925171, 0.855896 0.24241, 0.344872 0.950716, 0.944465 0.59652, 0.298311 0.485196, 0.744774 0.168298, 0.549158 0.320942, 0.454065 0.519806, 0.890165 0.57952, 0.363941 0.0468178, 0.883095 0.240775, 0.736575 0.681325, 0.0489086 0.117821, 0.254473 0.718264, 0.0350835 0.552669, 0.54862 0.503409, 0.781163 0.990841, 0.866149 0.0528285, 0.230184 0.145318, 0.20533 0.674044, 0.422124 0.446107, 0.897686 0.508944, 0.25647 0.210655, 0.901677 0.619887, 0.64066 0.501681, 0.312622 0.0100425, 0.871517 0.849341, 0.381937 0.646101, 0.871004 0.398959, 0.724062 0.996552, 0.297814 0.610516, 0.348056 0.0697631, 
0.536887 0.389645, 0.900765 0.167118, 0.548212 0.615099, 0.377609 0.325704, 0.537049 0.779489, 0.61989 0.324973, 0.0266423 0.788092, 0.314432 0.437533, 0.182209 0.499401, 0.956947 0.948004, 0.794307 0.0657116, 0.220735 0.783277, 0.893585 0.379934, 0.869191 0.903006, 0.267648 0.299402, 0.162131 0.627714, 0.929148 0.519923, 0.319749 0.383888, 0.80427 0.933182, 0.839638 0.472276, 0.525847 0.319232, 0.636662 0.759619, 0.782718 0.952925, 0.510419 0.12587, 0.92499 0.139971, 0.234734 0.318908, 0.946655 0.528207, 0.378444 0.0050784, 0.158595 0.376695, 0.90224 0.729513, 0.462415 0.623398, 0.263087 0.947592, 0.377068 0.0450048, 0.0244933 0.324202, 0.541275 0.309308, 0.430646 0.76712, 0.0299741 0.140218, 0.30762 0.167874, 0.243643 0.821189, 0.881481 0.362009, 0.331407 0.362703, 0.542394 0.975179, 0.102936 0.242653, 0.621989 0.352027, 0.957423 0.632752, 0.830587 0.0902455, 0.182938 0.060354, 0.918817 0.917577, 0.560536 0.145534, 0.191699 0.883248, 0.520496 0.360173, 0.621799 0.890566, 0.980046 0.124921, 0.806384 0.883977, 0.208092 0.950099, 0.301821 0.51436, 0.486149 0.314509, 0.0346803 0.591343, 0.946162 0.283773, 0.459764 0.175448, 0.0044069 0.241783, 0.28651 0.21379, 0.668521 0.393265, 0.296619 0.311357, 
0.321858 0.919988, 0.0607905 0.663873, 0.81094 0.848722, 0.870609 0.135779, 0.678119 0.864093, 0.233953 0.256398, 0.894034 0.843692, 0.853647 0.396711, 0.314345 0.848938, 0.614064 0.820169, 0.308764 0.0572805, 0.862882 0.609865, 0.111828 0.00419369, 0.617774 0.280685, 0.809352 0.160557, 0.00823955 0.866136, 0.602529 0.890013, 0.647666 0.00487744, 0.0442692 0.424391, 0.355092 0.068856, 0.11937 0.504588, 0.197185 0.331198, 0.0543564 0.333313, 0.58693 0.743512, 0.559257 0.484485, 0.00609859 0.0858366, 0.484554 0.455829, 0.614749 0.835766, 0.751469 0.194948, 0.174251 0.039671, 0.87687 0.868773, 0.523347 0.266793, 0.504469 0.671637, 0.973265 0.607665, 0.117699 0.931763, 0.503517 0.50111, 0.827746 0.590463, 0.757813 0.0150697, 0.45182 0.973224, 0.0397097 0.181974, 0.874546 0.874882, 0.20844 0.634413, 0.29254 0.609306, 0.713322 0.908697, 0.420808 0.706335, 0.354238 0.385191, 0.577131 0.330121, 0.774667 0.424339, 0.0564611 0.406917, 0.415731 0.595728, 0.993837 0.665746, 0.246334 0.22342, 0.168057 0.585449, 0.529157 0.681242, 0.540828 0.131739, 0.21595 0.326197, 0.108444 0.954138, 0.542982 0.974695, 0.951061 0.825445, 0.214627 0.604852, 0.649568 0.633764, 0.906564 0.751078, 0.284143 0.834841, 0.627397 0.119963, 
0.653539 0.874645, 0.907459 0.418838, 0.226912 0.348941, 0.244905 0.654037, 0.863082 0.421634, 0.430029 0.628854, 0.721882 0.538765, 0.464007 0.177052, 0.371303 0.147655, 0.207366 0.658334, 0.526706 0.51078, 0.437429 0.706476, 0.431804 0.982412, 0.40993 0.600089, 0.561023 0.675204, 0.0302367 0.191817, 0.284315 0.468033, 0.805351 0.664642, 0.16436 0.790588, 0.547037 0.993288, 0.852013 0.140376, 0.696402 0.788714, 0.595796 0.0250799, 0.307938 0.758986, 0.0469634 0.77706, 0.974158 0.712183, 0.328359 0.963255, 0.840716 0.321198, 0.350651 0.629914, 0.203904 0.856537, 0.810112 0.394889, 0.165932 0.527405, 0.763247 0.0164987, 0.401413 0.974412, 0.334494 0.0206812, 0.988818 0.395544, 0.180171 0.814953, 0.18961 0.602438, 0.976238 0.314967, 0.0898321 0.598563, 0.72047 0.500034, 0.499402 0.182351, 0.794271 0.347325, 0.873997 0.168874, 0.0610452 0.455752, 0.660137 0.81099, 0.635514 0.0322488, 0.0463796 0.869712, 0.287451 0.66094, 0.765575 0.0926961, 0.831667 0.572833, 0.494503 0.910989, 0.318926 0.0346987, 0.785984 0.367177, 0.648503 0.147071, 0.64298 0.640445, 0.81443 0.531204, 0.261691 0.341877, 0.172833 0.0609037, 0.73039 0.566042, 0.663783 0.951351, 0.803419 0.111085, 0.0841269 0.438522, 0.247712 0.501864, 
0.074473 0.0329291, 0.670541 0.0716226, 0.242547 0.955531, 0.389139 0.155862, 0.174076 0.579956, 0.347224 0.214251, 0.220139 0.991424, 0.118731 0.732172, 0.78094 0.315248, 0.749928 0.00617807, 0.240898 0.903904, 0.758567 0.124377, 0.0795234 0.680443, 0.296863 0.249037, 0.769216 0.692948, 0.89052 0.323766, 0.435757 0.239524, 0.52405 0.63183, 0.906998 0.252954, 0.629218 0.468503, 0.410261 0.344227, 0.0853193 0.83415, 0.860134 0.396564, 0.774354 0.0870823, 0.117915 0.229386, 0.809361 0.908432, 0.328104 0.324789, 0.419708 0.597205, 0.265783 0.166428, 0.495247 0.419255, 0.10841 0.42493, 0.529913 0.334611, 0.842378 0.889025, 0.0926834 0.599266, 0.691287 0.413255, 0.660943 0.23895, 0.137083 0.321349, 0.725238 0.942285, 0.605319 0.165519, 0.424306 0.280058, 0.115753 0.921544, 0.55326 0.691724, 0.449066 0.389557, 0.181459 0.00228501, 0.93956 0.677703, 0.175871 0.855129, 0.74056 0.575298, 0.528202 0.848442, 0.235202 0.0705188, 0.868186 0.885195, 0.414781 0.339785, 0.285378 0.854247, 0.0523669 0.506652, 0.869893 0.739585, 0.2366 0.746899, 0.115906 0.417009, 0.394079 0.972876, 0.0443526 0.712246, 0.607112 0.440273, 0.0278146 0.948991, 0.374201 0.160615, 0.259827 0.685773, 0.848724 0.735392, 0.681835 0.465461, 
0.322086 0.300752, 0.38396 0.743317, 0.948634 0.400402, 0.801798 0.633517, 0.63979 0.0673908, 0.913864 0.222986, 0.565125 0.428171, 0.896184 0.846422, 0.00993377 0.154173, 0.964088 0.439155, 0.800281 0.738675, 0.241265 0.49034, 0.559295 0.117147, 0.599092 0.875274, 0.774796 0.529741, 0.324382 0.0339476, 0.367227 0.839043, 0.947391 0.614074, 0.0369607 0.296241, 0.734174 0.906587, 0.195703 0.0683854, 0.443941 0.770123, 0.919063 0.986928, 0.181665 0.446438, 0.865762 0.602151, 0.608799 0.37661, 0.00482693 0.821342, 0.681412 0.0952701, 0.678443 0.70286, 0.956721 0.836178, 0.378872 0.94972, 0.514124 0.596011, 0.772701 0.349812, 0.181323 0.147539, 0.700721 0.985538, 0.191066 0.522576, 0.442761 0.695113, 0.631986 0.723147, 0.594582 0.0721359, 0.0460051 0.244212, 0.908801 0.498504, 0.702278 0.0178309, 0.233296 0.719273, 0.00650373 0.799603, 0.492832 0.278968, 0.49783 0.527715, 0.951804 0.315106, 0.314965 0.560994, 0.686701 0.306494, 0.117414 0.00813853, 0.00259782 0.515298, 0.787322 0.106623, 0.149217 0.115727, 0.46709 0.902804, 0.435721 0.512626, 0.860232 0.171093, 0.742556 0.681172, 0.61583 0.150569, 0.102726 0.228964, 0.518206 0.803947, 0.0478933 0.0964149, 0.349292 0.218789, 0.597251 0.241149, 0.628562 0.420432, 
0.738867 0.394974, 0.153073 0.515848, 0.67584 0.553419, 0.183891 0.151455, 0.663054 0.947482, 0.364716 0.88087, 0.142603 0.059526, 0.367302 0.486637, 0.574033 0.486574, 0.404477 0.205086, 0.0756953 0.354055, 0.641291 0.942947, 0.710622 0.577636, 0.480984 0.359856, 0.000860756 0.711661, 0.831051 0.828322, 0.0929433 0.946046, 0.470666 0.302022, 0.805419 0.724923, 0.267764 0.578472, 0.894319 0.270449, 0.0910791 0.548783, 0.57057 0.181351, 0.0932962 0.931524, 0.554847 0.63419, 0.0880655 0.444985, 0.471333 0.744065, 0.381995 0.0127976, 0.690482 0.413559, 0.909622 0.0183341, 0.731969 0.244816, 0.173305 0.987816, 0.18112 0.306713, 0.779398 0.615664, 0.636124 0.78195, 0.525962 0.416029, 0.660435 0.238932, 0.398524 0.474089, 0.79974 0.751002, 0.227654 0.609262, 0.601211 0.913795, 0.993538 0.928615, 0.381907 0.588692, 0.93151 0.693595, 0.696432 0.361709, 0.694398 0.0340217, 0.0109639 0.487999, 0.35199 0.265914, 0.189354 0.96787, 0.496312 0.443089, 0.724917 0.552636, 0.547459 0.696569, 0.598233 0.412345, 0.843499 0.257108, 0.940457 0.44225, 0.512995 0.854918, 0.336633 0.0226511, 0.933087 0.804325, 0.310549 0.580528, 0.872498 0.107242, 0.884443 0.916412, 0.0871616 0.782256, 0.318628 0.728256, 0.82283 0.93923, 
0.104523 0.867171, 0.626677 0.877746, 0.254925 0.809745, 0.876737 0.00699577, 0.0383486 0.448392, 0.035668 0.709515, 0.841557 0.600505, 0.164535 0.425012, 0.0545054 0.914251, 0.767274 0.636303, 0.156415 0.591644, 0.22562 0.801276, 0.423635 0.00614763, 0.958589 0.191052, 0.264085 0.190367, 0.27816 0.40835, 0.851249 0.201574, 0.162018 0.39596, 0.973586 0.0276667, 0.230345 0.954009, 0.227091 0.310167, 0.715922 0.532102, 0.977167 0.405991, 0.373219 0.472866, 0.602932 0.0913017, 0.852785 0.185864, 0.881031 0.637082, 0.155976 0.732972, 0.504327 0.892936, 0.234436 0.110002, 0.241791 0.730814, 0.712172 0.685168, 0.899409 0.102456, 0.0333425 0.44016, 0.309243 0.447128, 0.963551 0.51262, 0.73146 0.0134063, 0.0455073 0.638154, 0.271306 0.119345, 0.712682 0.373673, 0.143818 0.121848, 0.147815 0.307985, 0.31988 0.0427478, 0.756352 0.829873, 0.0683973 0.281008, 0.430182 0.966309, 0.81815 0.500548, 0.506786 0.00896448, 0.761026 0.706349, 0.362812 0.743748, 0.561946 0.0406152, 0.227811 0.646057, 0.729465 0.802003, 0.255353 0.205739, 0.153498 0.882282, 0.180984 0.412272, 0.516973 0.303619, 0.865741 0.48259, 0.430505 0.834406, 0.607841 0.367156, 0.685276 0.187262, 0.546458 0.41295, 0.7929 0.0579085, 0.427255 0.668312, 
0.545752 0.171743, 0.183236 0.22377, 0.919686 0.48606, 0.434421 0.712013, 0.649968 0.256183, 0.587646 0.650817, 0.621363 0.0594451, 0.907764 0.496589, 0.722145 0.853197, 0.245811 0.0475605, 0.835083 0.4792, 0.576221 0.115244, 0.253777 0.337053, 0.457805 0.662935, 0.663554 0.779051, 0.765012 0.273972, 0.15216 0.632167, 0.619422 0.622455, 0.382388 0.100236, 0.385646 0.715723, 0.803494 0.875351, 0.403403 0.797514, 0.267309 0.115432, 0.65903 0.668759, 0.122962 0.147038, 0.536874 0.971039, 0.885484 0.409329, 0.0565487 0.351189, 0.520545 0.275213, 0.501115 0.482586, 0.964904 0.445476, 0.556562 0.0573418, 0.750373 0.927575, 0.157932 0.182547, 0.29123 0.622677, 0.203602 0.965338, 0.578818 0.804904, 0.793513 0.723466, 0.353351 0.830366, 0.84137 0.556131, 0.437803 0.897579, 0.845059 0.188965, 0.989989 0.71421, 0.390403 0.887842, 0.34184 0.440157, 0.435186 0.60888, 0.869431 0.824007, 0.536651 0.651968, 0.0622948 0.567105, 0.980665 0.913429, 0.944464 0.348261, 0.0816159 0.113121, 0.0861105 0.787384, 0.869984 0.147088, 0.786611 0.598057, 0.512273 0.739068, 0.174126 0.77724, 0.297088 0.296144, 0.145128 0.333504, 0.337015 0.725129, 0.0169023 0.0721622, 0.740655 0.685993, 0.617102 0.952725, 0.0818444 0.323774, 
0.760692 0.42245, 0.544902 0.620609, 0.39269 0.0954734, 0.65085 0.92358, 0.080434 0.0919254, 0.430903 0.647725, 0.366436 0.0129004, 0.320353 0.816847, 0.883639 0.169883, 0.443701 0.634746, 0.942261 0.845884, 0.192365 0.937179, 0.927396 0.0395534, 0.819177 0.63872, 0.66172 0.823816, 0.0960216 0.98414, 0.737065 0.496401, 0.197826 0.341621, 0.999019 0.464541, 0.550865 0.176895, 0.330592 0.469398, 0.935802 0.583333, 0.398355 0.317335, 0.233598 0.913628, 0.803901 0.640503, 0.423536 0.332464, 0.196343 0.100624, 0.820666 0.939496, 0.411743 0.582822, 0.0491614 0.0363, 0.110056 0.601496, 0.369735 0.732273, 0.538435 0.323866, 0.852842 0.674374, 0.92608 0.768947, 0.755966 0.196107, 0.173608 0.284557, 0.222275 0.0901464, 0.972896 0.114674, 0.162612 0.411822, 0.544095 0.399779, 0.116464 0.728647, 0.093261 0.28739, 0.724379 0.262224, 0.925415 0.117036, 0.500721 0.18336, 0.0552842 0.000761894, 0.72741 0.262829, 0.429603 0.387372, 0.662259 0.00389071, 0.196827 0.986125, 0.586963 0.55064, 0.590889 0.944109, 0.424832 0.307707, 0.772771 0.323925, 0.131443 0.32218, 0.737202 0.682338, 0.861274 0.273594, 0.499987 0.270668, 0.993391 0.795098, 0.212622 0.365519, 0.978659 0.346726, 0.534135 0.0450886, 0.287902 0.567253, 
0.226839 0.84973, 0.738728 0.766593, 0.132652 0.528966, 0.966341 0.144061, 0.657163 0.458292, 0.987335 0.709662, 0.0971057 0.50692, 0.439814 0.307775, 0.103961 0.525126, 0.533607 0.0730422, 0.853907 0.975553, 0.333452 0.63788, 0.317364 0.929817, 0.112397 0.489075, 0.636455 0.37339, 0.413245 0.239559, 0.909208 0.863592, 0.454648 0.540018, 0.623408 0.859586, 0.380735 0.890477, 0.0339259 0.182215, 0.806626 0.411725, 0.219186 0.683239, 0.495179 0.0212807, 0.900861 0.517247, 0.300987 0.751576, 0.516238 0.844357, 0.702583 0.0587429, 0.865569 0.546292, 0.802321 0.389725, 0.566363 0.891751, 0.768799 0.904546, 0.189502 0.108379, 0.265273 0.935654, 0.57322 0.675501, 0.444359 0.123557, 0.963351 0.546275, 0.110642 0.636434, 0.270574 0.224287, 0.69472 0.515924, 0.503002 0.0821668, 0.624571 0.810204, 0.336797 0.547758, 0.288038 0.94693, 0.877205 0.638473, 0.187459 0.543829, 0.599185 0.87029, 0.0303856 0.221023, 0.163535 0.995806, 0.1239 0.34206, 0.535571 0.165555, 0.874472 0.673675, 0.0899052 0.630239, 0.20528 0.245787, 0.8142 0.27208, 0.740386 0.979106, 0.539163 0.0311937, 0.592115 0.453936, 0.353928 0.917345, 0.0839051 0.874852, 0.69285 0.681448, 0.47151 0.737188, 0.355459 0.492092, 0.733716 0.90714, 
