0.388579, 0.504876, 0.160083, 0.435186, 0.43643, 0.809352, 0.990351, 0.360381, 0.233981, 0.549674, 0.690578, 0.127738, 0.673816, 0.440121, 0.691213, 0.972935, 0.371758, 0.278502, 0.00413996, 0.256047, 0.328876, 0.242342, 0.534247, 0.44802, 0.390265, 0.484216, 0.601893, 0.181323, 0.88103, 0.996457, 0.490316, 0.0496775, 0.265203, 0.531121, 0.298864, 0.180874, 0.703301, 0.0153325, 0.215925, 0.863082, 0.521836, 0.72527, 0.956721, 0.861426, 0.597265, 0.110642, 0.853993, 0.00609859, 0.514945, 0.3621, 0.832146, 0.426109, 0.0569893, 0.852785, 0.219072, 0.966788, 0.095689, 0.947136, 0.166245, 0.15005, 0.73014, 0.0595862, 0.11937, 0.707362, 
0.716361, 0.858796, 0.389464, 0.60888, 0.552092, 0.160557, 0.29025, 0.586327, 0.187621, 0.891782, 0.94891, 0.682325, 0.0292771, 0.943571, 0.285086, 0.832872, 0.564338, 0.818011, 0.311591, 0.0178477, 0.167356, 0.150762, 0.11822, 0.875171, 0.103153, 0.748106, 0.195868, 0.147539, 0.170485, 0.572421, 0.635142, 0.462451, 0.963147, 0.00465941, 0.789038, 0.349284, 0.172986, 0.817164, 0.797646, 0.421634, 0.242356, 0.710943, 0.836178, 0.418156, 0.325377, 0.636434, 0.581938, 0.0858366, 0.344228, 0.113906, 0.091459, 0.451488, 0.67213, 0.185864, 0.16217, 0.0144328, 0.611015, 0.186256, 0.279971, 0.750235, 0.175802, 0.857785, 0.504588, 0.0780528, 
0.264085, 0.526706, 0.16013, 0.899409, 0.00380823, 0.336797, 0.0762587, 0.152287, 0.63979, 0.87707, 0.688879, 0.768739, 0.146565, 0.419383, 0.281108, 0.075505, 0.178028, 0.280398, 0.17936, 0.0471113, 0.370069, 0.174943, 0.915145, 0.212499, 0.636455, 0.0611346, 0.824924, 0.485309, 0.160066, 0.27674, 0.829617, 0.794307, 0.271261, 0.168302, 0.820244, 0.62082, 0.702899, 0.41504, 0.926738, 0.538141, 0.149217, 0.715362, 0.689761, 0.0553965, 0.184923, 0.527248, 0.380784, 0.66172, 0.589498, 0.741152, 0.731969, 0.742264, 0.464697, 0.641598, 0.928745, 0.215438, 0.0996059, 0.0784837, 0.345615, 0.666627, 0.341266, 0.584803, 0.442761, 0.160588, 
0.190367, 0.51078, 0.142659, 0.102456, 0.924196, 0.547758, 0.746954, 0.752894, 0.0673908, 0.825592, 0.0366453, 0.161332, 0.669302, 0.462121, 0.268493, 0.145319, 0.207178, 0.21891, 0.689322, 0.444454, 0.534506, 0.00640608, 0.634194, 0.619455, 0.37339, 0.58804, 0.986655, 0.0285704, 0.705958, 0.514773, 0.0625679, 0.0657116, 0.742245, 0.582652, 0.785044, 0.0636462, 0.589583, 0.168865, 0.827117, 0.601586, 0.115727, 0.38647, 0.533365, 0.653103, 0.906498, 0.121752, 0.614486, 0.823816, 0.303721, 0.865578, 0.244816, 0.915189, 0.865492, 0.607809, 0.481423, 0.448434, 0.11793, 0.435146, 0.45877, 0.293951, 0.986593, 0.571462, 0.695113, 0.743277, 
0.803501, 0.686659, 0.0622028, 0.908695, 0.348606, 0.812374, 0.943463, 0.574262, 0.140394, 0.193914, 0.623935, 0.305693, 0.95486, 0.15216, 0.756023, 0.0266423, 0.439648, 0.968594, 0.443012, 0.736107, 0.240446, 0.204296, 0.0442692, 0.785551, 0.648503, 0.14898, 0.985878, 0.834331, 0.0976142, 0.830623, 0.103912, 0.181517, 0.04563, 0.133382, 0.2366, 0.930572, 0.434354, 0.82595, 0.61586, 0.901638, 0.386117, 0.852434, 0.0449989, 0.304367, 0.791809, 0.845342, 0.0254648, 0.538309, 0.642719, 0.165308, 0.444901, 0.502834, 0.812774, 0.704489, 0.807544, 0.872458, 0.264768, 0.0881444, 0.221948, 0.308764, 0.466954, 0.0432494, 0.464007, 0.371225, 
0.888758, 0.994294, 0.00842791, 0.393325, 0.0313397, 0.702272, 0.999305, 0.389434, 0.553887, 0.0903833, 0.450154, 0.155497, 0.63908, 0.632167, 0.571643, 0.788092, 0.376252, 0.600073, 0.986385, 0.257425, 0.718552, 0.216951, 0.424391, 0.0578597, 0.147071, 0.494293, 0.571729, 0.108682, 0.965368, 0.609222, 0.682979, 0.00692258, 0.801734, 0.531501, 0.746899, 0.806251, 0.0529105, 0.410779, 0.213903, 0.69094, 0.565743, 0.149997, 0.650241, 0.432853, 0.313944, 0.0639461, 0.630519, 0.823439, 0.689587, 0.385771, 0.880958, 0.797323, 0.538664, 0.165937, 0.706407, 0.418128, 0.294774, 0.736753, 0.575203, 0.0572805, 0.0113137, 0.786616, 0.177052, 0.733031, 
0.918485, 0.166008, 0.30762, 0.906771, 0.72037, 0.348394, 0.171501, 0.875794, 0.143844, 0.741403, 0.809577, 0.771554, 0.292859, 0.649316, 0.433563, 0.382388, 0.980046, 0.764266, 0.174076, 0.473801, 0.354001, 0.985995, 0.527493, 0.21595, 0.513887, 0.256443, 0.363438, 0.048341, 0.392446, 0.18961, 0.188481, 0.727873, 0.150023, 0.751511, 0.778357, 0.594894, 0.227811, 0.551655, 0.366436, 0.226935, 0.872498, 0.387438, 0.109319, 0.299243, 0.926787, 0.141897, 0.615815, 0.17951, 0.594023, 0.712686, 0.561145, 0.768314, 0.488655, 0.95227, 0.875372, 0.345389, 0.541236, 0.497945, 0.698875, 0.621363, 0.938062, 0.936161, 0.95771, 0.561105, 
0.268365, 0.183602, 0.167874, 0.750181, 0.141046, 0.264218, 0.266852, 0.285359, 0.0824169, 0.615352, 0.328635, 0.634555, 0.601132, 0.584914, 0.550909, 0.100236, 0.124921, 0.453426, 0.579956, 0.641202, 0.540728, 0.837927, 0.275751, 0.326197, 0.647084, 0.43614, 0.262161, 0.948125, 0.0617677, 0.602438, 0.512425, 0.0247185, 0.998447, 0.278644, 0.648402, 0.747425, 0.646057, 0.550614, 0.0129004, 0.671401, 0.107242, 0.42545, 0.911713, 0.190993, 0.233536, 0.0695884, 0.966389, 0.317877, 0.0562795, 0.147007, 0.948036, 0.123488, 0.543478, 0.788959, 0.783867, 0.165495, 0.789219, 0.432436, 0.667976, 0.0594451, 0.248064, 0.542307, 0.222513, 0.223475, 
0.626276, 0.61259, 0.990813, 0.344204, 0.632153, 0.593044, 0.696606, 0.829854, 0.837205, 0.319256, 0.296863, 0.252881, 0.95658, 0.0818444, 0.628157, 0.978266, 0.157571, 0.19753, 0.143057, 0.991589, 0.314965, 0.758419, 0.823439, 0.229531, 0.258187, 0.85604, 0.649568, 0.368623, 0.478073, 0.0875, 0.67144, 0.331407, 0.948729, 0.8696, 0.448107, 0.90747, 0.783715, 0.686561, 0.488983, 0.795446, 0.719499, 0.435884, 0.0370874, 0.994611, 0.726361, 0.600906, 0.697295, 0.713335, 0.749214, 0.570589, 0.639689, 0.884443, 0.567028, 0.112581, 0.197453, 0.526796, 0.966281, 0.870954, 0.108444, 0.657915, 0.220926, 0.300987, 0.81901, 0.745419, 
0.893415, 0.273622, 0.855679, 0.980641, 0.824595, 0.212027, 0.424155, 0.157809, 0.498332, 0.111861, 0.249037, 0.0484908, 0.608583, 0.323774, 0.164579, 0.150638, 0.954026, 0.542021, 0.719373, 0.654122, 0.560994, 0.0726631, 0.139137, 0.859929, 0.696972, 0.0539488, 0.633764, 0.152164, 0.725447, 0.869663, 0.633162, 0.362703, 0.973302, 0.320626, 0.823527, 0.703146, 0.0298567, 0.912515, 0.766028, 0.729467, 0.0113289, 0.0959481, 0.438238, 0.142801, 0.776027, 0.755257, 0.268231, 0.489952, 0.652744, 0.313578, 0.111476, 0.916412, 0.0748572, 0.178711, 0.416648, 0.788646, 0.147879, 0.968323, 0.954138, 0.898533, 0.801589, 0.751576, 0.453049, 0.0615499, 
0.993644, 0.160922, 0.866273, 0.765948, 0.559896, 0.323378, 0.0914228, 0.384974, 0.745422, 0.193622, 0.573025, 0.0692341, 0.598378, 0.40532, 0.355459, 0.950448, 0.853276, 0.7929, 0.5352, 0.423573, 0.290381, 0.247955, 0.311694, 0.890165, 0.20533, 0.646002, 0.533843, 0.708167, 0.0950173, 0.0994836, 0.291313, 0.122205, 0.610031, 0.0528434, 0.0800263, 0.128996, 0.317271, 0.96554, 0.279528, 0.912724, 0.167158, 0.65903, 0.205276, 0.0192971, 0.209401, 0.265009, 0.0831292, 0.866521, 0.786346, 0.274358, 0.20855, 0.845415, 0.257119, 0.873058, 0.080808, 0.806626, 0.229639, 0.233525, 0.384319, 0.0372333, 0.916528, 0.503776, 0.31165, 0.905651, 
0.316247, 0.659424, 0.11094, 0.557291, 0.849772, 0.0141327, 0.87954, 0.283542, 0.0106295, 0.0636189, 0.0225666, 0.653971, 0.339782, 0.0744424, 0.492092, 0.0886283, 0.824631, 0.0579085, 0.0130798, 0.25837, 0.49608, 0.185517, 0.941065, 0.57952, 0.674044, 0.664322, 0.813561, 0.571192, 0.433789, 0.801795, 0.887058, 0.733021, 0.0145815, 0.887999, 0.366413, 0.945544, 0.271564, 0.0569305, 0.110038, 0.61506, 0.128092, 0.668759, 0.217406, 0.457186, 0.293542, 0.297013, 0.356312, 0.143537, 0.398148, 0.27935, 0.369577, 0.652785, 0.148306, 0.450953, 0.702278, 0.411725, 0.359528, 0.937072, 0.0863008, 0.457444, 0.186926, 0.723709, 0.732993, 0.233219, 
0.527831, 0.327814, 0.264393, 0.346205, 0.512657, 0.490814, 0.0719064, 0.537019, 0.488824, 0.171272, 0.080081, 0.917303, 0.968768, 0.300748, 0.676635, 0.64927, 0.0677422, 0.620874, 0.608362, 0.958589, 0.202066, 0.856788, 0.67286, 0.767543, 0.497791, 0.114421, 0.0167998, 0.370151, 0.965037, 0.513297, 0.841112, 0.864676, 0.564403, 0.794773, 0.0552294, 0.171843, 0.125824, 0.986483, 0.43096, 0.0964273, 0.186498, 0.333237, 0.751469, 0.509798, 0.793651, 0.965281, 0.295489, 0.45692, 0.432317, 0.908801, 0.163105, 0.126696, 0.468898, 0.98121, 0.00866667, 0.78094, 0.61989, 0.351735, 0.255146, 0.430182, 0.489038, 0.447926, 0.885484, 0.511499, 
0.267937, 0.599773, 0.0574192, 0.982301, 0.799263, 0.345213, 0.0624539, 0.0393695, 0.738519, 0.357921, 0.0580546, 0.446931, 0.460826, 0.883535, 0.615934, 0.765288, 0.890507, 0.236516, 0.671914, 0.191052, 0.779048, 0.512266, 0.25669, 0.382905, 0.25631, 0.426422, 0.987762, 0.220263, 0.0645095, 0.0487768, 0.124932, 0.743623, 0.571807, 0.396296, 0.507061, 0.131017, 0.307009, 0.0132948, 0.812418, 0.808133, 0.66651, 0.244676, 0.194948, 0.876725, 0.306471, 0.24822, 0.529226, 0.184243, 0.77799, 0.498504, 0.59488, 0.341964, 0.873536, 0.191849, 0.208227, 0.315248, 0.324973, 0.693834, 0.7862, 0.966309, 0.57003, 0.0198481, 0.409329, 0.577221, 
0.513001, 0.42194, 0.465548, 0.421139, 0.896535, 0.488201, 0.701825, 0.996636, 0.420627, 0.0644246, 0.722302, 0.378444, 0.25621, 0.852013, 0.302844, 0.753124, 0.928172, 0.585343, 0.0026787, 0.825911, 0.617195, 0.383299, 0.369679, 0.364704, 0.0109639, 0.150326, 0.596144, 0.531621, 0.67584, 0.146645, 0.0841269, 0.0244933, 0.0482225, 0.252264, 0.223099, 0.619741, 0.825765, 0.744774, 0.278988, 0.41591, 0.430134, 0.547459, 0.844499, 0.988818, 0.668714, 0.668176, 0.377068, 0.747223, 0.663054, 0.555954, 0.0949952, 0.118731, 0.458523, 0.553229, 0.923157, 0.794179, 0.0597796, 0.749962, 0.696432, 0.942915, 0.335111, 0.942921, 0.457805, 0.873598, 
0.998964, 0.697519, 0.796623, 0.849407, 0.96033, 0.336875, 0.760322, 0.927405, 0.234182, 0.706764, 0.0371465, 0.0050784, 0.834866, 0.140376, 0.663664, 0.958779, 0.150772, 0.407964, 0.580158, 0.13035, 0.670881, 0.753854, 0.310802, 0.498897, 0.487999, 0.539008, 0.0872545, 0.390998, 0.553419, 0.747177, 0.438522, 0.324202, 0.346034, 0.0961905, 0.292446, 0.946223, 0.732125, 0.168298, 0.930551, 0.443129, 0.472934, 0.696569, 0.474944, 0.395544, 0.38706, 0.79495, 0.0450048, 0.866274, 0.947482, 0.597609, 0.106619, 0.732172, 0.0757746, 0.680172, 0.0245451, 0.571356, 0.706077, 0.440545, 0.361709, 0.910197, 0.648507, 0.488154, 0.662935, 0.856959, 
0.184386, 0.836448, 0.688052, 0.411999, 0.983597, 0.0277451, 0.0152747, 0.381937, 0.162234, 0.235823, 0.723095, 0.173906, 0.191699, 0.0991833, 0.0474845, 0.638892, 0.476448, 0.634255, 0.69285, 0.545752, 0.655422, 0.949177, 0.743685, 0.774887, 0.391692, 0.00815141, 0.570179, 0.043117, 0.487874, 0.735165, 0.214154, 0.745507, 0.479069, 0.00517029, 0.582498, 0.431858, 0.877794, 0.663419, 0.0382517, 0.620868, 0.183033, 0.347735, 0.256979, 0.504664, 0.314418, 0.873393, 0.632483, 0.126861, 0.919686, 0.0532809, 0.968201, 0.465253, 0.389227, 0.667617, 0.322086, 0.724062, 0.144964, 0.439676, 0.474917, 0.700123, 0.636187, 0.0614729, 0.243643, 0.822896, 
0.369292, 0.855201, 0.354096, 0.534676, 0.962893, 0.392207, 0.89304, 0.646101, 0.345421, 0.953575, 0.70791, 0.971479, 0.883248, 0.416532, 0.786334, 0.334865, 0.0999599, 0.318168, 0.681448, 0.171743, 0.52465, 0.625862, 0.417075, 0.558345, 0.143439, 0.193857, 0.218658, 0.900956, 0.388379, 0.484183, 0.499553, 0.281, 0.0870919, 0.971906, 0.000354645, 0.86011, 0.778796, 0.486704, 0.285293, 0.249179, 0.504289, 0.494102, 0.130301, 0.419358, 0.422658, 0.640712, 0.640977, 0.924307, 0.48606, 0.0831234, 0.900455, 0.495846, 0.458469, 0.728972, 0.300752, 0.996552, 0.751274, 0.450699, 0.830319, 0.570336, 0.298255, 0.523472, 0.821189, 0.0544824, 
0.548857, 0.517653, 0.0340554, 0.0326041, 0.310205, 0.507252, 0.660137, 0.359274, 0.233415, 0.0305425, 0.394637, 0.211627, 0.702275, 0.214627, 0.0494204, 0.840716, 0.852631, 0.179327, 0.402183, 0.264278, 0.227654, 0.115033, 0.480569, 0.879042, 0.634522, 0.214436, 0.504001, 0.689493, 0.905175, 0.354682, 0.510419, 0.681412, 0.723971, 0.922744, 0.325415, 0.297088, 0.328104, 0.140843, 0.574722, 0.162352, 0.512906, 0.865741, 0.294348, 0.0242727, 0.075459, 0.105186, 0.858613, 0.95478, 0.506787, 0.330248, 0.825201, 0.254925, 0.396482, 0.963551, 0.602932, 0.72258, 0.491863, 0.75478, 0.801102, 0.491402, 0.570672, 0.782718, 0.0458975, 0.0199856, 
0.0266635, 0.197902, 0.79488, 0.602437, 0.100728, 0.157235, 0.81099, 0.0222834, 0.0895796, 0.959189, 0.894112, 0.202942, 0.884492, 0.604852, 0.031869, 0.321198, 0.69687, 0.563888, 0.398395, 0.489196, 0.609262, 0.458304, 0.660094, 0.481258, 0.799011, 0.309218, 0.278713, 0.545675, 0.329137, 0.404741, 0.12587, 0.0952701, 0.545959, 0.0678685, 0.120176, 0.296144, 0.324789, 0.85388, 0.991536, 0.613291, 0.252898, 0.48259, 0.0434371, 0.0758916, 0.951834, 0.933447, 0.820613, 0.538892, 0.229384, 0.474558, 0.362928, 0.809745, 0.958845, 0.51262, 0.0913017, 0.377547, 0.39236, 0.040223, 0.358182, 0.655266, 0.868811, 0.952925, 0.643368, 0.888205, 
0.715922, 0.840107, 0.435757, 0.913286, 0.0583731, 0.331166, 0.454774, 0.142603, 0.58168, 0.27462, 0.620311, 0.753059, 0.697622, 0.606398, 0.846402, 0.458168, 0.0308556, 0.941679, 0.436906, 0.581611, 0.517193, 0.233328, 0.355813, 0.317364, 0.634363, 0.755966, 0.813229, 0.60898, 0.99919, 0.899867, 0.229843, 0.650542, 0.387005, 0.385328, 0.0543564, 0.159383, 0.442609, 0.637471, 0.470513, 0.787245, 0.104645, 0.22002, 0.406959, 0.805719, 0.384293, 0.883639, 0.418125, 0.830587, 0.833919, 0.191066, 0.705099, 0.41367, 0.520015, 0.794271, 0.948634, 0.994809, 0.608781, 0.0490401, 0.737423, 0.705705, 0.831051, 0.203376, 0.230531, 0.534635, 
0.532102, 0.224093, 0.239524, 0.827642, 0.898402, 0.801654, 0.736334, 0.059526, 0.227186, 0.0404725, 0.0213174, 0.954388, 0.448506, 0.282638, 0.143534, 0.930956, 0.230623, 0.0315624, 0.918895, 0.444981, 0.210376, 0.566216, 0.282275, 0.929817, 0.192636, 0.196107, 0.148087, 0.209761, 0.160191, 0.521677, 0.377717, 0.279434, 0.41105, 0.29095, 0.333313, 0.0713758, 0.385685, 0.0377935, 0.782731, 0.386682, 0.119611, 0.205007, 0.744079, 0.40473, 0.986155, 0.169883, 0.0602095, 0.0902455, 0.842267, 0.522576, 0.723687, 0.788137, 0.730257, 0.347325, 0.400402, 0.793332, 0.547248, 0.519028, 0.744557, 0.0945545, 0.828322, 0.815248, 0.787172, 0.173493, 
0.950419, 0.0795234, 0.850713, 0.530128, 0.629301, 0.848909, 0.977931, 0.714464, 0.565775, 0.471646, 0.368769, 0.959274, 0.923066, 0.156379, 0.875819, 0.374581, 0.172833, 0.838177, 0.784248, 0.0094508, 0.513527, 0.0875267, 0.381961, 0.00204949, 0.598233, 0.162612, 0.647976, 0.130659, 0.341028, 0.627565, 0.0546271, 0.776393, 0.306372, 0.916545, 0.768648, 0.218701, 0.572574, 0.452065, 0.510031, 0.0679879, 0.846029, 0.815591, 0.694957, 0.923857, 0.987923, 0.623514, 0.76684, 0.10841, 0.712086, 0.436059, 0.264263, 0.961845, 0.81592, 0.240257, 0.565208, 0.764869, 0.790655, 0.538121, 0.562988, 0.134029, 0.720445, 0.823037, 0.247712, 0.133992, 
0.88059, 0.680443, 0.736077, 0.168447, 0.0228816, 0.4016, 0.228777, 0.180271, 0.859946, 0.871932, 0.0412416, 0.221891, 0.208341, 0.209935, 0.246105, 0.340035, 0.0609037, 0.277559, 0.173626, 0.00774758, 0.454806, 0.981498, 0.638371, 0.826481, 0.412345, 0.411822, 0.0738613, 0.333742, 0.198643, 0.285954, 0.484722, 0.101801, 0.635284, 0.0452523, 0.422089, 0.470712, 0.730592, 0.185618, 0.487527, 0.337554, 0.45039, 0.835859, 0.351251, 0.471977, 0.437936, 0.54053, 0.622848, 0.42493, 0.784589, 0.593708, 0.357383, 0.510869, 0.416192, 0.608769, 0.642075, 0.824492, 0.222787, 0.0531313, 0.205923, 0.599785, 0.509485, 0.707145, 0.501864, 0.627295, 
0.107027, 0.81417, 0.573778, 0.919691, 0.0199848, 0.809361, 0.511864, 0.657341, 0.195703, 0.430646, 0.105272, 0.128874, 0.534135, 0.302998, 0.940723, 0.939637, 0.116865, 0.156365, 0.17443, 0.867648, 0.0892656, 0.295472, 0.160236, 0.594912, 0.748486, 0.368568, 0.296833, 0.902071, 0.453861, 0.604244, 0.902947, 0.960923, 0.0214462, 0.559551, 0.78714, 0.780482, 0.283633, 0.416637, 0.0195307, 0.719362, 0.380735, 0.790616, 0.348187, 0.976238, 0.167192, 0.230946, 0.597922, 0.187117, 0.999456, 0.165968, 0.176961, 0.300412, 0.192964, 0.90224, 0.685665, 0.143818, 0.0346803, 0.520054, 0.626463, 0.789998, 0.169821, 0.0403301, 0.139217, 0.867422, 
0.0368139, 0.68151, 0.478424, 0.0350391, 0.806551, 0.908432, 0.370169, 0.131593, 0.0683854, 0.76712, 0.750092, 0.537471, 0.0450886, 0.329511, 0.755584, 0.0732933, 0.192701, 0.657105, 0.963681, 0.493202, 0.393589, 0.750423, 0.875563, 0.879845, 0.330763, 0.918252, 0.155968, 0.40878, 0.931288, 0.83704, 0.0414123, 0.0276485, 0.36056, 0.932117, 0.168334, 0.740815, 0.071843, 0.772392, 0.34154, 0.0794604, 0.890477, 0.0838156, 0.219676, 0.314967, 0.163204, 0.0475269, 0.150997, 0.32014, 0.28641, 0.726335, 0.439711, 0.579188, 0.505204, 0.729513, 0.623803, 0.121848, 0.591343, 0.114818, 0.783303, 0.139816, 0.0285339, 0.268622, 0.0218425, 0.196332, 
0.690482, 0.195179, 0.760421, 0.339725, 0.750059, 0.484675, 0.136528, 0.561, 0.128025, 0.712172, 0.496747, 0.137493, 0.0556078, 0.663306, 0.669638, 0.469144, 0.606507, 0.538524, 0.813801, 0.581783, 0.0379233, 0.459865, 0.906153, 0.534583, 0.102681, 0.394706, 0.621026, 0.951061, 0.404113, 0.796992, 0.717223, 0.766702, 0.416516, 0.561403, 0.921191, 0.465438, 0.375864, 0.524151, 0.884736, 0.4613, 0.765085, 0.158782, 0.940715, 0.626731, 0.327843, 0.696194, 0.974974, 0.220139, 0.730934, 0.170382, 0.192574, 0.836236, 0.691108, 0.852842, 0.409348, 0.764916, 0.202358, 0.91656, 0.149664, 0.539902, 0.61583, 0.748658, 0.492832, 0.407426, 
0.413559, 0.871077, 0.532252, 0.00704292, 0.306394, 0.734918, 0.395357, 0.541854, 0.401121, 0.685168, 0.965621, 0.632917, 0.620522, 0.850183, 0.333916, 0.279325, 0.380172, 0.966593, 0.0322928, 0.450957, 0.359518, 0.396468, 0.702421, 0.447239, 0.600061, 0.297564, 0.619382, 0.825445, 0.00266207, 0.874655, 0.927455, 0.565395, 0.968753, 0.0260393, 0.475821, 0.464194, 0.0364133, 0.335239, 0.372094, 0.834329, 0.84575, 0.272314, 0.68736, 0.180237, 0.639059, 0.483722, 0.4365, 0.991424, 0.780034, 0.579591, 0.720028, 0.354282, 0.712435, 0.674374, 0.538202, 0.501755, 0.838111, 0.332869, 0.658502, 0.166562, 0.150569, 0.0793669, 0.278968, 0.0358688, 
0.0844639, 0.839978, 0.582185, 0.145661, 0.592451, 0.604854, 0.479659, 0.660961, 0.84513, 0.904728, 0.566448, 0.533709, 0.27776, 0.114618, 0.384484, 0.129236, 0.917049, 0.277809, 0.430594, 0.0786145, 0.196168, 0.243854, 0.955257, 0.845424, 0.612438, 0.297233, 0.558528, 0.0658903, 0.713322, 0.371303, 0.490842, 0.380653, 0.056456, 0.879885, 0.11507, 0.650834, 0.202006, 0.355429, 0.637313, 0.55988, 0.116919, 0.502964, 0.608799, 0.647183, 0.0598937, 0.409339, 0.00295312, 0.640342, 0.283934, 0.179656, 0.934249, 0.453553, 0.716037, 0.249772, 0.0995885, 0.323121, 0.0200892, 0.231313, 0.408119, 0.0436761, 0.147504, 0.389329, 0.227091, 0.500848, 
0.56744, 0.664692, 0.554541, 0.467618, 0.597166, 0.840565, 0.23433, 0.735066, 0.348565, 0.0607366, 0.503, 0.0676659, 0.265384, 0.539065, 0.981751, 0.288232, 0.581016, 0.299503, 0.974535, 0.0961891, 0.020285, 0.818825, 0.30525, 0.150348, 0.382636, 0.362237, 0.54282, 0.762134, 0.908697, 0.147655, 0.638638, 0.400677, 0.812115, 0.87911, 0.0253098, 0.470821, 0.255007, 0.0460868, 0.716222, 0.857249, 0.346284, 0.903273, 0.37661, 0.28937, 0.572414, 0.710478, 0.527508, 0.335115, 0.0174246, 0.141834, 0.785938, 0.145629, 0.317174, 0.577522, 0.921067, 0.403025, 0.797766, 0.99898, 0.0197454, 0.0770462, 0.379588, 0.549318, 0.310167, 0.894007, 
0.92608, 0.64832, 0.348721, 0.233296, 0.99588, 0.074473, 0.163804, 0.117113, 0.255981, 0.355736, 0.924559, 0.598205, 0.0366459, 0.905249, 0.720822, 0.372959, 0.29899, 0.204201, 0.811227, 0.643658, 0.79632, 0.740696, 0.0987332, 0.47015, 0.880476, 0.661991, 0.764019, 0.890549, 0.819636, 0.204406, 0.0510491, 0.217485, 0.951908, 0.898849, 0.803611, 0.869605, 0.232916, 0.0339259, 0.51746, 0.788542, 0.556562, 0.987179, 0.00117599, 0.277325, 0.94273, 0.326041, 0.556602, 0.874472, 0.604699, 0.0834421, 0.205572, 0.37658, 0.636788, 0.988693, 0.692312, 0.464401, 0.874783, 0.374201, 0.553317, 0.593651, 0.464517, 0.571363, 0.913593, 0.0679501, 
0.768947, 0.957918, 0.0193973, 0.719273, 0.179526, 0.0329291, 0.12752, 0.00827896, 0.948249, 0.60379, 0.497193, 0.620347, 0.0262128, 0.593523, 0.620829, 0.610897, 0.118066, 0.269352, 0.474386, 0.23755, 0.693258, 0.74401, 0.656489, 0.674083, 0.353307, 0.321263, 0.673745, 0.704339, 0.964853, 0.884337, 0.643757, 0.0402512, 0.656897, 0.793064, 0.0349055, 0.570432, 0.0685459, 0.182215, 0.682467, 0.0930929, 0.0573418, 0.958845, 0.700563, 0.394719, 0.211382, 0.361643, 0.276279, 0.673675, 0.82803, 0.0918209, 0.416924, 0.673852, 0.079562, 0.794492, 0.759833, 0.211037, 0.167406, 0.160615, 0.500114, 0.253192, 0.105574, 0.512995, 0.293575, 0.64482, 
0.265366, 0.696377, 0.158137, 0.478025, 0.00191498, 0.96401, 0.366693, 0.188909, 0.183768, 0.115365, 0.28415, 0.540215, 0.416078, 0.427255, 0.397913, 0.564512, 0.192881, 0.802321, 0.151589, 0.430029, 0.423536, 0.77061, 0.155707, 0.611268, 0.561343, 0.987859, 0.47331, 0.234983, 0.376661, 0.910747, 0.65244, 0.45534, 0.326313, 0.743653, 0.994895, 0.198636, 0.358368, 0.0285599, 0.198924, 0.119884, 0.496523, 0.761724, 0.716279, 0.318122, 0.356992, 0.32779, 0.556217, 0.162702, 0.287153, 0.874033, 0.284315, 0.0576461, 0.0669042, 0.0489086, 0.207381, 0.322075, 0.391315, 0.941512, 0.886451, 0.315426, 0.84569, 0.444359, 0.0639684, 0.0462898, 
0.926941, 0.41503, 0.132728, 0.670712, 0.424859, 0.288772, 0.934788, 0.656689, 0.842031, 0.677696, 0.416497, 0.158761, 0.879043, 0.668312, 0.507397, 0.549858, 0.357051, 0.389725, 0.954234, 0.628854, 0.332464, 0.629819, 0.429217, 0.817855, 0.493778, 0.278575, 0.617568, 0.138004, 0.910935, 0.0586327, 0.814485, 0.786744, 0.50969, 0.0893043, 0.845388, 0.173579, 0.118977, 0.547848, 0.829953, 0.667516, 0.0239412, 0.181739, 0.400233, 0.736034, 0.841881, 0.197643, 0.307066, 0.341374, 0.745873, 0.958554, 0.468033, 0.264802, 0.900573, 0.117821, 0.445512, 0.125342, 0.0964065, 0.874204, 0.406606, 0.369659, 0.820421, 0.123557, 0.619086, 0.987213, 
0.745696, 0.3306, 0.82744, 0.779623, 0.191163, 0.922206, 0.128112, 0.472081, 0.630481, 0.454648, 0.238057, 0.663779, 0.424832, 0.809324, 0.585771, 0.439814, 0.87311, 0.0894052, 0.0253489, 0.0610452, 0.746004, 0.318833, 0.803321, 0.601211, 0.366622, 0.765699, 0.946472, 0.00235126, 0.158542, 0.971133, 0.959956, 0.372142, 0.867277, 0.869191, 0.269963, 0.888003, 0.851995, 0.072479, 0.355345, 0.952927, 0.702902, 0.377514, 0.442965, 0.431804, 0.55592, 0.338128, 0.142704, 0.624571, 0.858247, 0.577233, 0.63432, 0.938894, 0.16759, 0.588096, 0.0932869, 0.295055, 0.658738, 0.760073, 0.417305, 0.272936, 0.781163, 0.0726648, 0.470712, 0.238001, 
0.323067, 0.471846, 0.806614, 0.147141, 0.742429, 0.168379, 0.229609, 0.410894, 0.622844, 0.540018, 0.0417038, 0.073338, 0.307707, 0.824154, 0.797163, 0.307775, 0.0405961, 0.298418, 0.643586, 0.455752, 0.0539735, 0.931415, 0.380739, 0.913795, 0.944541, 0.184797, 0.492533, 0.0657989, 0.0815674, 0.508582, 0.0801991, 0.940985, 0.870158, 0.903006, 0.356702, 0.948204, 0.334037, 0.0904051, 0.514125, 0.432803, 0.133833, 0.0695392, 0.0161342, 0.982412, 0.518759, 0.998675, 0.404506, 0.810204, 0.340322, 0.993048, 0.37322, 0.739662, 0.821794, 0.695927, 0.577927, 0.703803, 0.86343, 0.891971, 0.363727, 0.947439, 0.990841, 0.154257, 0.323119, 0.997485, 
0.45347, 0.0214641, 0.213992, 0.989989, 0.377609, 0.392263, 0.684594, 0.935802, 0.681984, 0.355092, 0.473794, 0.025165, 0.180984, 0.787322, 0.104372, 0.969647, 0.249846, 0.299697, 0.385712, 0.322887, 0.0218743, 0.978175, 0.506818, 0.0452826, 0.00840688, 0.483142, 0.305434, 0.37665, 0.939417, 0.0142186, 0.0254504, 0.367887, 0.685499, 0.0257174, 0.462415, 0.221816, 0.797878, 0.206554, 0.892756, 0.851249, 0.2154, 0.702333, 0.860134, 0.0297514, 0.406181, 0.566363, 0.209151, 0.332108, 0.831111, 0.641824, 0.181619, 0.951886, 0.851156, 0.234436, 0.883575, 0.685074, 0.693106, 0.110056, 0.508488, 0.536651, 0.0228896, 0.200856, 0.556189, 0.230184, 
0.780798, 0.488248, 0.278187, 0.71421, 0.325704, 0.569082, 0.505325, 0.583333, 0.663404, 0.068856, 0.666763, 0.503523, 0.412272, 0.106623, 0.178626, 0.965715, 0.419258, 0.285001, 0.845639, 0.826555, 0.229506, 0.890568, 0.671266, 0.113165, 0.449455, 0.478413, 0.605812, 0.0413135, 0.680859, 0.542535, 0.630527, 0.700261, 0.217142, 0.426179, 0.623398, 0.348274, 0.55473, 0.665107, 0.940568, 0.201574, 0.176854, 0.0499391, 0.396564, 0.911568, 0.574902, 0.891751, 0.875562, 0.3896, 0.544353, 0.383766, 0.183835, 0.0259967, 0.291002, 0.110002, 0.241459, 0.506711, 0.136508, 0.601496, 0.265147, 0.651968, 0.258792, 0.86305, 0.977313, 0.145318, 
0.221209, 0.73146, 0.259827, 0.384152, 0.197777, 0.389139, 0.70731, 0.107305, 0.269715, 0.257336, 0.624164, 0.375089, 0.536874, 0.735769, 0.532075, 0.442109, 0.0914682, 0.636227, 0.089438, 0.0589379, 0.152003, 0.965057, 0.278368, 0.457199, 0.0844088, 0.276092, 0.461069, 0.0756953, 0.671975, 0.985596, 0.729613, 0.0469634, 0.87627, 0.262647, 0.893585, 0.334881, 0.841557, 0.384493, 0.244905, 0.683103, 0.294092, 0.334494, 0.127657, 0.360878, 0.561876, 0.0879854, 0.943192, 0.81696, 0.588543, 0.897686, 0.798603, 0.331984, 0.898754, 0.512673, 0.387497, 0.11083, 0.789326, 0.548099, 0.738418, 0.425005, 0.39127, 0.343605, 0.637704, 0.725725, 
0.875615, 0.0134063, 0.685773, 0.0403035, 0.208166, 0.155862, 0.268619, 0.0852604, 0.0824141, 0.937561, 0.873964, 0.773515, 0.971039, 0.292911, 0.978974, 0.105513, 0.831596, 0.952447, 0.409399, 0.168232, 0.845215, 0.486103, 0.169893, 0.253626, 0.203006, 0.482887, 0.480519, 0.354055, 0.569984, 0.122283, 0.476969, 0.77706, 0.359615, 0.0785121, 0.379934, 0.793661, 0.600505, 0.497357, 0.654037, 0.0923453, 0.284323, 0.0206812, 0.290963, 0.449231, 0.267341, 0.349043, 0.625939, 0.85677, 0.647527, 0.508944, 0.447885, 0.710768, 0.238421, 0.757336, 0.970783, 0.0494195, 0.9289, 0.753788, 0.778568, 0.955863, 0.555063, 0.905627, 0.0120049, 0.477064, 
0.387301, 0.0908964, 0.410261, 0.259358, 0.600417, 0.647965, 0.943292, 0.869045, 0.289623, 0.607841, 0.491349, 0.910229, 0.433337, 0.473423, 0.798929, 0.0314585, 0.344872, 0.250686, 0.919063, 0.105857, 0.552426, 0.189502, 0.975989, 0.173608, 0.813374, 0.0443887, 0.431134, 0.150042, 0.544902, 0.790964, 0.415387, 0.414781, 0.167904, 0.91972, 0.662755, 0.0839051, 0.663639, 0.0938041, 0.348056, 0.167327, 0.525847, 0.971416, 0.147815, 0.971709, 0.867505, 0.0883405, 0.48016, 0.641005, 0.22562, 0.725238, 0.302646, 0.804749, 0.445357, 0.859147, 0.073688, 0.804913, 0.659711, 0.632808, 0.207965, 0.931368, 0.355741, 0.29251, 0.0452261, 0.674934, 
0.876598, 0.933271, 0.344227, 0.897146, 0.782482, 0.881227, 0.454647, 0.398159, 0.931976, 0.367156, 0.586361, 0.0219637, 0.852775, 0.434503, 0.243976, 0.156848, 0.950716, 0.417446, 0.986928, 0.999441, 0.638123, 0.108379, 0.859983, 0.284557, 0.773314, 0.925491, 0.777011, 0.597979, 0.620609, 0.310373, 0.535796, 0.339785, 0.393658, 0.707034, 0.867545, 0.874852, 0.264467, 0.259006, 0.0697631, 0.251039, 0.319232, 0.829874, 0.307985, 0.296998, 0.104254, 0.586767, 0.0404811, 0.947051, 0.801276, 0.942285, 0.0831135, 0.0209781, 0.542976, 0.974461, 0.848383, 0.548464, 0.449326, 0.582288, 0.180638, 0.325826, 0.820981, 0.543732, 0.865481, 0.0208151, 
0.308882, 0.783033, 0.976952, 0.775865, 0.580072, 0.722222, 0.964904, 0.294315, 0.348063, 0.554479, 0.291206, 0.787905, 0.0463615, 0.488991, 0.620516, 0.0253231, 0.458271, 0.861183, 0.27165, 0.0934063, 0.48951, 0.637151, 0.961388, 0.847166, 0.274949, 0.846951, 0.260096, 0.656171, 0.946162, 0.768474, 0.762695, 0.295003, 0.598138, 0.289429, 0.277706, 0.205171, 0.442728, 0.175009, 0.207282, 0.147019, 0.433958, 0.698055, 0.658077, 0.506304, 0.513127, 0.840494, 0.223052, 0.512995, 0.310197, 0.469064, 0.348033, 0.607112, 0.086862, 0.99756, 0.164206, 0.855801, 0.251026, 0.660301, 0.460681, 0.611372, 0.774475, 0.372111, 0.281711, 0.148969, 
0.229888, 0.486568, 0.546432, 0.727336, 0.97033, 0.271224, 0.445476, 0.547211, 0.366393, 0.145256, 0.594738, 0.742056, 0.817377, 0.14143, 0.833748, 0.66632, 0.507412, 0.368933, 0.204473, 0.00294117, 0.649701, 0.897483, 0.997159, 0.694314, 0.426767, 0.700481, 0.829077, 0.222875, 0.283773, 0.222418, 0.627849, 0.226982, 0.698079, 0.326262, 0.288037, 0.30318, 0.283481, 0.818422, 0.624494, 0.471205, 0.122111, 0.828076, 0.676062, 0.661413, 0.483314, 0.0161817, 0.665419, 0.854918, 0.970955, 0.715356, 0.748082, 0.440273, 0.651743, 0.289963, 0.1405, 0.805174, 0.0808878, 0.364966, 0.183936, 0.553962, 0.933327, 0.392972, 0.965724, 0.692514, 
0.371375, 0.102936, 0.140906, 0.627014, 0.736491, 0.233953, 0.211328, 0.29254, 0.333452, 0.537049, 0.431861, 0.397887, 0.181459, 0.088071, 0.302787, 0.430903, 0.378872, 0.582665, 0.468979, 0.907591, 0.355756, 0.215616, 0.908269, 0.367094, 0.721984, 0.554265, 0.0238351, 0.729624, 0.304413, 0.414277, 0.34184, 0.42615, 0.122538, 0.603853, 0.854991, 0.812926, 0.622447, 0.696725, 0.0121202, 0.676628, 0.817243, 0.177119, 0.597529, 0.938616, 0.433305, 0.314345, 0.524507, 0.430505, 0.548936, 0.718961, 0.418137, 0.158616, 0.521069, 0.529913, 0.54864, 0.843656, 0.496509, 0.212622, 0.0762241, 0.385547, 0.659688, 0.993412, 0.684239, 0.367302, 
0.0602456, 0.242653, 0.233637, 0.545716, 0.537964, 0.256398, 0.956981, 0.609306, 0.63788, 0.779489, 0.732956, 0.614929, 0.00228501, 0.565655, 0.559493, 0.647725, 0.94972, 0.68089, 0.666588, 0.710998, 0.413053, 0.854811, 0.624897, 0.77517, 0.00680481, 0.427285, 0.830696, 0.0518552, 0.31623, 0.179754, 0.440157, 0.299707, 0.727376, 0.0683051, 0.770913, 0.100493, 0.334862, 0.826771, 0.140538, 0.702964, 0.900499, 0.842732, 0.853274, 0.540451, 0.353683, 0.848938, 0.86935, 0.834406, 0.329115, 0.347511, 0.321648, 0.187804, 0.404365, 0.334611, 0.832914, 0.289914, 0.808806, 0.365519, 0.607462, 0.354624, 0.329353, 0.699982, 0.729403, 0.486637, 
0.878625, 0.42129, 0.54862, 0.520545, 0.51224, 0.81094, 0.0678435, 0.2145, 0.829985, 0.587934, 0.0221758, 0.0280909, 0.80628, 0.0556941, 0.053611, 0.853647, 0.525902, 0.587678, 0.122394, 0.525373, 0.376152, 0.268183, 0.925415, 0.0889016, 0.333219, 0.179563, 0.181238, 0.946655, 0.892871, 0.987477, 0.757813, 0.00823955, 0.91268, 0.660943, 0.444026, 0.255353, 0.734174, 0.499987, 0.584919, 0.0395038, 0.361273, 0.843173, 0.845208, 0.25232, 0.596359, 0.230345, 0.686701, 0.976924, 0.958292, 0.6123, 0.822633, 0.108383, 0.545401, 0.653699, 0.988328, 0.587646, 0.908007, 0.966801, 0.751862, 0.174251, 0.813847, 0.973875, 0.953027, 0.83201, 
0.622551, 0.698434, 0.503409, 0.275213, 0.682511, 0.848722, 0.568009, 0.0793021, 0.0722069, 0.13445, 0.260141, 0.647949, 0.511618, 0.324403, 0.191664, 0.396711, 0.615598, 0.853507, 0.633057, 0.932941, 0.111012, 0.608063, 0.117036, 0.581358, 0.71785, 0.327228, 0.831923, 0.528207, 0.373608, 0.317633, 0.0150697, 0.866136, 0.313023, 0.23895, 0.636362, 0.205739, 0.906587, 0.270668, 0.765729, 0.38308, 0.64411, 0.615443, 0.715058, 0.302295, 0.900785, 0.954009, 0.306494, 0.171771, 0.528094, 0.272985, 0.829654, 0.478358, 0.588034, 0.115057, 0.619204, 0.650817, 0.865343, 0.721009, 0.7478, 0.039671, 0.508155, 0.167837, 0.162887, 0.645241, 
0.142326, 0.0588963, 0.0422123, 0.674348, 0.593325, 0.272784, 0.752581, 0.135284, 0.0929675, 0.535997, 0.1105, 0.157932, 0.90317, 0.403107, 0.930011, 0.0551526, 0.236761, 0.463082, 0.724456, 0.465297, 0.318336, 0.0350835, 0.255203, 0.0669546, 0.914104, 0.080434, 0.204125, 0.40993, 0.322268, 0.796682, 0.232513, 0.0783854, 0.0633578, 0.31688, 0.47151, 0.805351, 0.0782775, 0.290295, 0.713405, 0.623408, 0.989529, 0.826969, 0.0656781, 0.599164, 0.26447, 0.294282, 0.318926, 0.176707, 0.390023, 0.987335, 0.613068, 0.0612774, 0.194324, 0.831765, 0.0490311, 0.563866, 0.426277, 0.580089, 0.944886, 0.153507, 0.882422, 0.929148, 0.364284, 0.507813, 
0.600313, 0.226973, 0.886133, 0.520329, 0.864202, 0.666195, 0.36911, 0.214953, 0.445685, 0.340818, 0.175738, 0.182547, 0.956591, 0.130668, 0.215107, 0.921638, 0.289928, 0.426052, 0.384585, 0.376038, 0.828519, 0.552669, 0.364416, 0.442303, 0.505713, 0.0919254, 0.640568, 0.600089, 0.648408, 0.126717, 0.364663, 0.499724, 0.339399, 0.113966, 0.737188, 0.664642, 0.341871, 0.149793, 0.800258, 0.859586, 0.528987, 0.689972, 0.75935, 0.664172, 0.981667, 0.405128, 0.0346987, 0.753264, 0.222673, 0.709662, 0.7366, 0.133961, 0.678931, 0.0446362, 0.726882, 0.0982092, 0.7481, 0.919058, 0.335565, 0.930544, 0.0429804, 0.519923, 0.607823, 0.0317984, 
0.829252, 0.81775, 0.756352, 0.424306, 0.786214, 0.115121, 0.585512, 0.998015, 0.837843, 0.358479, 0.0516022, 0.722787, 0.784868, 0.793513, 0.265783, 0.321185, 0.0588792, 0.501115, 0.549158, 0.749928, 0.463731, 0.00396302, 0.763241, 0.758567, 0.800236, 0.566705, 0.664907, 0.438851, 0.343549, 0.0564611, 0.395395, 0.522207, 0.0934662, 0.240863, 0.85989, 0.0221344, 0.318628, 0.791827, 0.117699, 0.0926835, 0.598267, 0.143605, 0.267283, 0.292784, 0.502508, 0.44107, 0.821332, 0.1801, 0.294756, 0.0700544, 0.787725, 0.765575, 0.871444, 0.0241958, 0.240898, 0.641135, 0.287334, 0.148398, 0.862428, 0.335603, 0.657507, 0.395765, 0.617143, 0.647666, 
0.861266, 0.530585, 0.829873, 0.280058, 0.2685, 0.980162, 0.362669, 0.14769, 0.167504, 0.472008, 0.53298, 0.41892, 0.883914, 0.723466, 0.166428, 0.94835, 0.0205948, 0.482586, 0.320942, 0.00617807, 0.207259, 0.83551, 0.442403, 0.124377, 0.59132, 0.420406, 0.148032, 0.232066, 0.193591, 0.406917, 0.0913049, 0.207464, 0.365023, 0.064706, 0.201403, 0.742431, 0.728256, 0.179643, 0.931763, 0.625964, 0.241097, 0.260562, 0.281091, 0.299738, 0.511973, 0.717676, 0.995191, 0.409862, 0.153485, 0.42021, 0.00514597, 0.0926961, 0.901584, 0.40886, 0.903904, 0.620403, 0.12458, 0.15078, 0.867142, 0.929431, 0.653716, 0.594835, 0.533733, 0.00487744, 
0.794334, 0.0791376, 0.0390446, 0.512357, 0.515823, 0.72741, 0.670541, 0.801798, 0.632236, 0.0546734, 0.491686, 0.834185, 0.956947, 0.394079, 0.121655, 0.567719, 0.656702, 0.228086, 0.570679, 0.964088, 0.0253154, 0.800281, 0.712682, 0.0128821, 0.989419, 0.0967219, 0.00406866, 0.599092, 0.0157088, 0.774796, 0.268838, 0.26177, 0.838755, 0.334765, 0.774713, 0.947391, 0.209415, 0.179277, 0.381907, 0.543041, 0.979409, 0.183236, 0.97485, 0.703765, 0.749266, 0.574197, 0.481913, 0.358235, 0.744807, 0.737065, 0.396399, 0.763969, 0.219186, 0.197826, 0.622114, 0.564562, 0.668234, 0.893318, 0.0569971, 0.651236, 0.24787, 0.229751, 0.912312, 0.18809, 
0.226358, 0.148314, 0.584547, 0.779184, 0.0816612, 0.262829, 0.0716226, 0.633517, 0.52511, 0.569158, 0.89022, 0.067824, 0.948004, 0.972876, 0.587312, 0.444505, 0.905846, 0.944781, 0.429668, 0.439155, 0.571889, 0.738675, 0.373673, 0.332569, 0.690936, 0.099394, 0.0481963, 0.875274, 0.0634549, 0.529741, 0.286123, 0.394121, 0.0884989, 0.993311, 0.490239, 0.614074, 0.446505, 0.173195, 0.588692, 0.0133963, 0.726652, 0.22377, 0.624495, 0.284324, 0.355722, 0.970638, 0.650976, 0.690472, 0.233624, 0.496401, 0.203778, 0.0127454, 0.683239, 0.341621, 0.860504, 0.618654, 0.643398, 0.979861, 0.0344745, 0.621475, 0.741387, 0.37766, 0.0613593, 0.365555, 
0.672578, 0.738867, 0.0683971, 0.303908, 0.485255, 0.411755, 0.602061, 0.303991, 0.559257, 0.263485, 0.494315, 0.116464, 0.418512, 0.662919, 0.860418, 0.407838, 0.460945, 0.678443, 0.057977, 0.404477, 0.774608, 0.203904, 0.436744, 0.641291, 0.00993377, 0.710622, 0.321209, 0.480984, 0.0692752, 0.0782993, 0.528355, 0.285378, 0.185798, 0.0317681, 0.0462695, 0.572446, 0.19056, 0.485459, 0.259166, 0.257761, 0.328987, 0.662464, 0.621126, 0.0853034, 0.524265, 0.944991, 0.970208, 0.967721, 0.320353, 0.0940547, 0.803901, 0.722051, 0.264426, 0.317972, 0.240446, 0.153783, 0.857095, 0.293935, 0.770333, 0.498728, 0.484297, 0.544194, 0.452397, 0.110467, 
0.677963, 0.394974, 0.178487, 0.580763, 0.231432, 0.278448, 0.371529, 0.15201, 0.484485, 0.338172, 0.561768, 0.728647, 0.500641, 0.820351, 0.242514, 0.412443, 0.664652, 0.70286, 0.69505, 0.205086, 0.0447767, 0.856537, 0.0866895, 0.942947, 0.154173, 0.577636, 0.553754, 0.359856, 0.475372, 0.756864, 0.893327, 0.854247, 0.741967, 0.457077, 0.975892, 0.431535, 0.283895, 0.656941, 0.295163, 0.468644, 0.339597, 0.316348, 0.966888, 0.397382, 0.51401, 0.756723, 0.552166, 0.458046, 0.816847, 0.614483, 0.640503, 0.584676, 0.629864, 0.771568, 0.432138, 0.167882, 0.899922, 0.283376, 0.687454, 0.741452, 0.321494, 0.28854, 0.014702, 0.190867, 
0.771659, 0.338173, 0.757227, 0.626677, 0.566721, 0.0903116, 0.463758, 0.89694, 0.75219, 0.724379, 0.395721, 0.708553, 0.529674, 0.554958, 0.467297, 0.164535, 0.740655, 0.46709, 0.950513, 0.767274, 0.729933, 0.137671, 0.751395, 0.419395, 0.268216, 0.423635, 0.500261, 0.263725, 0.700879, 0.0891487, 0.147286, 0.935489, 0.347586, 0.971346, 0.464562, 0.829439, 0.00249149, 0.973586, 0.797601, 0.196746, 0.666977, 0.046009, 0.812079, 0.685276, 0.425596, 0.693758, 0.662335, 0.192365, 0.398355, 0.981025, 0.823617, 0.0434156, 0.071251, 0.982359, 0.485299, 0.18328, 0.101818, 0.763963, 0.544815, 0.324209, 0.215251, 0.146422, 0.843395, 0.439542, 
0.943616, 0.744121, 0.698781, 0.877746, 0.520652, 0.143791, 0.144376, 0.029978, 0.742609, 0.262224, 0.933078, 0.470991, 0.238702, 0.947672, 0.382116, 0.425012, 0.685993, 0.902804, 0.573931, 0.636303, 0.051125, 0.0020977, 0.355464, 0.950667, 0.640444, 0.00614763, 0.592099, 0.621998, 0.449543, 0.812922, 0.310391, 0.120042, 0.046176, 0.485013, 0.160978, 0.476254, 0.31791, 0.0276667, 0.894438, 0.875044, 0.584042, 0.739878, 0.673775, 0.187262, 0.189465, 0.258705, 0.696847, 0.937179, 0.317335, 0.418211, 0.68868, 0.907022, 0.441239, 0.424406, 0.230185, 0.378556, 0.694441, 0.494331, 0.993102, 0.386049, 0.651174, 0.965059, 0.598185, 0.569103, 
0.0694946, 0.175675, 0.281497, 0.0044069, 0.224627, 0.406325, 0.960872, 0.145599, 0.92402, 0.70615, 0.565709, 0.734787, 0.0912695, 0.739994, 0.115753, 0.664524, 0.941983, 0.593264, 0.187841, 0.0552842, 0.858144, 0.143684, 0.933343, 0.920185, 0.827253, 0.00592889, 0.966341, 0.845423, 0.485098, 0.187433, 0.90817, 0.893391, 0.246334, 0.394484, 0.109823, 0.128823, 0.367066, 0.0824561, 0.696167, 0.385646, 0.790861, 0.581507, 0.800975, 0.809933, 0.452459, 0.848778, 0.174688, 0.467625, 0.220735, 0.122962, 0.782147, 0.803848, 0.769136, 0.614064, 0.354663, 0.58384, 0.502814, 0.336628, 0.369646, 0.365764, 0.54635, 0.424124, 0.0303856, 0.203295, 
0.828788, 0.499167, 0.272068, 0.241783, 0.160957, 0.445846, 0.68051, 0.409096, 0.0784251, 0.899571, 0.224544, 0.578274, 0.583608, 0.785455, 0.921544, 0.94088, 0.0576466, 0.00908909, 0.197197, 0.000761894, 0.509795, 0.594902, 0.0724688, 0.137302, 0.766822, 0.15861, 0.144061, 0.41805, 0.967301, 0.915855, 0.970324, 0.28911, 0.22342, 0.866197, 0.815195, 0.541204, 0.28891, 0.275947, 0.462975, 0.715723, 0.145504, 0.18224, 0.95515, 0.920655, 0.204536, 0.469698, 0.0837558, 0.966166, 0.783277, 0.147038, 0.764954, 0.730897, 0.225705, 0.820169, 0.925854, 0.639274, 0.655698, 0.559973, 0.407576, 0.0110487, 0.324211, 0.410588, 0.221023, 0.728639, 
0.755844, 0.760692, 0.252676, 0.5195, 0.344629, 0.108841, 0.255461, 0.495247, 0.212121, 0.585069, 0.279102, 0.509193, 0.704069, 0.324034, 0.686002, 0.516629, 0.00642499, 0.917546, 0.260631, 0.381995, 0.458954, 0.942261, 0.983991, 0.196827, 0.0972733, 0.575513, 0.902965, 0.949168, 0.827746, 0.493, 0.900765, 0.938232, 0.596128, 0.490937, 0.0512132, 0.611492, 0.82283, 0.999019, 0.189354, 0.0233184, 0.0509474, 0.212011, 0.821331, 0.960457, 0.606157, 0.619011, 0.425613, 0.821602, 0.700356, 0.776636, 0.63361, 0.93868, 0.38039, 0.0491614, 0.36263, 0.199847, 0.79112, 0.0119728, 0.541865, 0.0281306, 0.973463, 0.65989, 0.402184, 0.412884, 
0.959818, 0.42245, 0.613667, 0.570263, 0.456666, 0.212876, 0.0549752, 0.419255, 0.247892, 0.664002, 0.681548, 0.973956, 0.831972, 0.0470612, 0.389434, 0.899639, 0.319916, 0.953293, 0.794441, 0.0127976, 0.878865, 0.845884, 0.508644, 0.986125, 0.494864, 0.176456, 0.916016, 0.644217, 0.590463, 0.711438, 0.167118, 0.561847, 0.570993, 0.588857, 0.0813539, 0.545905, 0.93923, 0.464541, 0.96787, 0.163656, 0.394154, 0.179807, 0.437738, 0.674662, 0.0134686, 0.614691, 0.665071, 0.172773, 0.164053, 0.604347, 0.976007, 0.385646, 0.854388, 0.0363, 0.925847, 0.150203, 0.496299, 0.118353, 0.845901, 0.994366, 0.854749, 0.298295, 0.11284, 0.634348, 
0.27726, 0.0899052, 0.292126, 0.738728, 0.23609, 0.28651, 0.796145, 0.992038, 0.364716, 0.776693, 0.727992, 0.350705, 0.310549, 0.0971057, 0.81815, 0.560385, 0.632882, 0.260924, 0.956709, 0.545787, 0.296619, 0.853907, 0.47119, 0.193224, 0.177907, 0.857136, 0.948222, 0.112397, 0.200139, 0.369451, 0.300262, 0.173305, 0.410374, 0.806036, 0.275277, 0.341296, 0.0713286, 0.125181, 0.326236, 0.228992, 0.176767, 0.0385214, 0.252778, 0.0198409, 0.447987, 0.751585, 0.578635, 0.495179, 0.492124, 0.941206, 0.156564, 0.182209, 0.727156, 0.516238, 0.873241, 0.886072, 0.71205, 0.865569, 0.253468, 0.839636, 0.73005, 0.855572, 0.919681, 0.768799, 
0.866249, 0.630239, 0.483402, 0.766593, 0.435073, 0.21379, 0.975838, 0.325996, 0.88087, 0.263331, 0.640316, 0.05657, 0.580528, 0.50692, 0.500548, 0.117618, 0.450723, 0.334038, 0.900805, 0.236679, 0.311357, 0.975553, 0.0494494, 0.790019, 0.131981, 0.171655, 0.229699, 0.489075, 0.977066, 0.904967, 0.509381, 0.987816, 0.455473, 0.480111, 0.655708, 0.653949, 0.0706202, 0.331709, 0.804654, 0.751904, 0.597234, 0.814934, 0.99865, 0.936355, 0.552458, 0.652598, 0.853105, 0.0212807, 0.636518, 0.884288, 0.89463, 0.499401, 0.858745, 0.844357, 0.892984, 0.266584, 0.44951, 0.546292, 0.34469, 0.23335, 0.999064, 0.789473, 0.813416, 0.904546, 
